voice_name,character,candidate_id,dataset,repo,speaker_id,source_file,source_url,license,license_status,transcript,duration,sample_rate,channels,bit_depth,sha256,cleanliness,transcript_accuracy,speaker_isolation,duration_score,natural_speech,no_clipping,license_clarity,character_fit,distinctness,rpg_character_presence,dramatic_dialogue_suitability,vocal_distinctiveness,acting_performance_quality,human_status,notes
AUDITION_dragan_candidate_01,Dragan,candidate_01,mythicinfinity/libritts_r,mythicinfinity/libritts_r,2428,/root/.cache/huggingface/datasets/downloads/extracted/5551a515e85b9e463062524539c2e1cb52ba32affe128dffd866db0205248bdd/LibriTTS_R/dev-clean/2428/83699/2428_83699_000008_000006.wav,https://datasets-server.huggingface.co/cached-assets/mythicinfinity/libritts_r/--/0d1718db351207d5a493135a62d5ed8cc4733830/--/clean/dev.clean/2875/audio/audio.wav?Expires=1790045717&Signature=tdFu7s11UtXMeF7jdJ-MuuqRUnroJRoCHY5bolv7F~~MyhqcUKsGRvTzgaQYuE3YSoJqvV9HKpSKkQeFwAxkYab7tRD9QHEvnJXWC8yMgoZf59O-RUmsNq1CnLXAE6FWxHEeV1Am8OhM0mv~MfWkNF-EdAOFPNwD65dTfe1wtHf-nQ2dNbbsxm8CEqOS7rRkr1QMym2mxIMccnJOc2OKgASjZhdgYVz6rwLZX1ZMRYG-90cHZheP-n~AY1ASFleZ5jwKIQRP-bbhDTbrKmgxdwamwU7hiwwFoYIQG-MTvC3i-8XNNTC~YJxfSkPe4AJ~A4GNWZddzoK4gd5U2WMxeA__&Key-Pair-Id=K3C0L9WB6U5DUC,cc-by-4.0,LICENSE_OK,"There was nothing said about the sort of accommodation which would be provided, nothing about the kind of establishment which was maintained, or the table which was kept.",8.680,24000,1,16,970fee317751447bc67f77c45cc41417da16441d1d8d84152247ef280cee44ae,5,5,4,5,3,5,5,4,2,2,3,3,2,PENDING_HUMAN_REVIEW,RPG/character scores are metadata heuristics; Human Listening is authoritative. | distinctness_check=HUMAN_REQUIRED
AUDITION_dragan_candidate_02,Dragan,candidate_02,mythicinfinity/libritts_r,mythicinfinity/libritts_r,2428,/root/.cache/huggingface/datasets/downloads/extracted/5551a515e85b9e463062524539c2e1cb52ba32affe128dffd866db0205248bdd/LibriTTS_R/dev-clean/2428/83699/2428_83699_000008_000007.wav,https://datasets-server.huggingface.co/cached-assets/mythicinfinity/libritts_r/--/0d1718db351207d5a493135a62d5ed8cc4733830/--/clean/dev.clean/2876/audio/audio.wav?Expires=1790045717&Signature=s2ai~8lle6iMvgq2jmyFGxy65coz07koMxlkPY3UhTY2loZ2y1YPrq454N109LYmmMxnb6x3-PSV~QRx~fs7P9gA799pWyXL~0ARtfr~StfBn091OY5TQtUGZHO1qbxg9fSqUjlA9cWfvvnMtZUBcm4nNSGTO9fc1puM811Jbm2GOkii15wJjlGHhW0Z8Xemm9YjziDTQsAvQ2mZCy6NDUUqy7K~Of0u4BaBE6rUOXnMp~tKxw8ktpdmKukBs1lmMwaDUC5M0NsBhWuhhkpw58Zt3fiTugaESu20aB4pd~Q6jMROAwL1X6y1Q2MsCECueeqDPkUswgMOtFcov09twg__&Key-Pair-Id=K3C0L9WB6U5DUC,cc-by-4.0,LICENSE_OK,No references were offered or asked for.,2.040,24000,1,16,0a38134cc3f049acd2a52204061863a5a2dffa57c71da237faeac5e2ccc4e927,5,5,4,1,3,5,5,4,2,2,3,3,2,REJECT_AUTO,RPG/character scores are metadata heuristics; Human Listening is authoritative. | distinctness_check=HUMAN_REQUIRED | DURATION_OUT_OF_RANGE
AUDITION_dragan_candidate_03,Dragan,candidate_03,mythicinfinity/libritts_r,mythicinfinity/libritts_r,2428,/root/.cache/huggingface/datasets/downloads/extracted/5551a515e85b9e463062524539c2e1cb52ba32affe128dffd866db0205248bdd/LibriTTS_R/dev-clean/2428/83699/2428_83699_000009_000004.wav,https://datasets-server.huggingface.co/cached-assets/mythicinfinity/libritts_r/--/0d1718db351207d5a493135a62d5ed8cc4733830/--/clean/dev.clean/2877/audio/audio.wav?Expires=1790045717&Signature=hXvWh92qS-SeTEAvrBtS4EUT-KSRnzAtAgp78CgI1wOHydMbHl-rwwZ48AGkn6uD~j3jexH1MLGbQDoIkgL01oA8ZLz5OzO97mCcS~qwHo7UvoQu-BMaf1rgjpKipfqgZInBmK~M1RY-i~JjUTXnu-gZw5ssb8FOWiwy4ubUY5st91kFHf7iLfTkV54bmUHXliI4w-B4JXQSGaaYzyjntbSq7iTCSJyDtCReKkqm59YbykNmCAtgKGpMAdLyMg00lfGILqeVp512eo9rx0Spt2Gv8vanAcLbMAmfL7NgGg8eH13-9eVyiQ6YLQD7XEsd1CifedlCobtWbaPgcWZYGQ__&Key-Pair-Id=K3C0L9WB6U5DUC,cc-by-4.0,LICENSE_OK,"She was apparently the careworn mother of a ""lively family."" Under such circumstances she was hardly likely to be ""lively"" herself, but her name was Madge, and it was the accident of her Christian name which decided me to go.",13.520,24000,1,16,4095c72648f03c4879c35af553a14fd6c8c6f355b51de60fac0617c25104d8e4,5,5,4,5,3,5,5,4,2,2,3,3,2,PENDING_HUMAN_REVIEW,RPG/character scores are metadata heuristics; Human Listening is authoritative. | distinctness_check=HUMAN_REQUIRED
AUDITION_dragan_candidate_04,Dragan,candidate_04,mythicinfinity/libritts_r,mythicinfinity/libritts_r,2428,/root/.cache/huggingface/datasets/downloads/extracted/5551a515e85b9e463062524539c2e1cb52ba32affe128dffd866db0205248bdd/LibriTTS_R/dev-clean/2428/83699/2428_83699_000010_000001.wav,https://datasets-server.huggingface.co/cached-assets/mythicinfinity/libritts_r/--/0d1718db351207d5a493135a62d5ed8cc4733830/--/clean/dev.clean/2878/audio/audio.wav?Expires=1790045717&Signature=SKzeQBQb9EV0esNwfeIpzWtYKTEsyEmktZPZu1jImJomq9vTKelUhlWO57fLmdLO7qXs2RO3Y6d9Z~qe6TEcnmme871SEQaoDQ9SngXrCBiUxDMFf2FFjT7KuMYvXmDw5034wwSlZC4FULFArcKqsJTl3~XD1aOwj6pleyaEEB0hxDFA-PdApWKi6BacvR7zWN~XMeW905HgQ5fwKGtx83MBaCyZL6L4iFUnHiQLn3B~TpGU18Q-wBsEYfDRZcJGoQDJGAq5jX7XIH-8NES0-ZvuWaAS~B6gDYUNPGlM~uAj~jYAH88SXTOnak2ua-F5f~hMCVWoeHG7AzExIEbLYA__&Key-Pair-Id=K3C0L9WB6U5DUC,cc-by-4.0,LICENSE_OK,"No doubt the five guineas were badly wanted; even a ""lively family"" would be hardly likely to advertise for a perfect stranger to spend Christmas with them if they were not.",8.160,24000,1,16,0e594a9bf2ef3ce9ee4fe52963d5db412ba8cb73d965b05b2614d0e5e7d93b7b,5,5,4,5,3,5,5,4,2,2,3,3,2,PENDING_HUMAN_REVIEW,RPG/character scores are metadata heuristics; Human Listening is authoritative. | distinctness_check=HUMAN_REQUIRED
AUDITION_dragan_candidate_05,Dragan,candidate_05,mythicinfinity/libritts_r,mythicinfinity/libritts_r,2428,/root/.cache/huggingface/datasets/downloads/extracted/5551a515e85b9e463062524539c2e1cb52ba32affe128dffd866db0205248bdd/LibriTTS_R/dev-clean/2428/83699/2428_83699_000010_000003.wav,https://datasets-server.huggingface.co/cached-assets/mythicinfinity/libritts_r/--/0d1718db351207d5a493135a62d5ed8cc4733830/--/clean/dev.clean/2879/audio/audio.wav?Expires=1790045717&Signature=u54ELwI3WZfNA54B8D8PhtYCH-Rz73fqhBs4LVih5zH42b~w6lAFbyfpAJXHyrkxzALKD~MMNPdGo0sTkhC5qK3vnSloiKbgiiOXHjftfA7cBcD96t9NjPHtSYp2mptmtfK4xUuaNAuDyvwPw7R36G28wep7bpxEi0qpf8UHDZXRQeIvuyFmVE5SaYCPAYggiaUAUm5bWCuROubuByxntkUWasjZG0m~H31OurhZjKaIMsRlg~4E~Zbisbs-h4JQmYgIpKKlU3weE3jCfd9MYTFnrIcdrA8aKBPRmQincN83C4wzf7hu-IRhNavJxwbZD6Yf~8dkr9X6M8laWvd3ZA__&Key-Pair-Id=K3C0L9WB6U5DUC,cc-by-4.0,LICENSE_OK,"Still I felt that it could hardly be worse than a chop or cousin Lucy; the subjects of her conversation I never cared about when they were alive, and I certainly do not want to talk about them now they are dead.",11.520,24000,1,16,73e05a4f8c4e5b515122eea99275a9e2a1872f65752338b46d7e041e117df96d,5,5,4,5,3,5,5,4,2,2,3,3,2,PENDING_HUMAN_REVIEW,RPG/character scores are metadata heuristics; Human Listening is authoritative. | distinctness_check=HUMAN_REQUIRED
AUDITION_dragan_candidate_06,Dragan,candidate_06,mythicinfinity/libritts_r,mythicinfinity/libritts_r,6313,/root/.cache/huggingface/datasets/downloads/extracted/5551a515e85b9e463062524539c2e1cb52ba32affe128dffd866db0205248bdd/LibriTTS_R/dev-clean/6313/66125/6313_66125_000019_000005.wav,https://datasets-server.huggingface.co/cached-assets/mythicinfinity/libritts_r/--/0d1718db351207d5a493135a62d5ed8cc4733830/--/clean/dev.clean/1400/audio/audio.wav?Expires=1790045716&Signature=rBto7yhaKLXl2XLj2le1cdk4uZ-TQiyr22A~65zdumYWnIWqKPXcL~c0E2WCf~nTs3cW5tqYmwQh6I6bEK~311TYeygzB51k4T-~ru0aFEx15mZOXGjaVa7F2EoqU5TWUhnsdE-izOWw5ydM5jdtWcy-WoT4CWE5MhQKS9va~eeh8en8WS2TkSmFgqXsspXThG97qvi2RzKPcUdrzAYFstGmoMkiu8JYiixuj~N53xbJFHihJ5oZTyAkZpK8MNSZ-1UGEzMQ0GMionzOuYrXXkxdAbtXSba0p5zrn5nmmIFHwGYLXuTsQmzre-EhDMczIVmgC3TIxStt3sXKXi4lpw__&Key-Pair-Id=K3C0L9WB6U5DUC,cc-by-4.0,LICENSE_OK,Stick tight and don't get scared.,1.480,24000,1,16,dca18a4e7ce415069aa570fe59bab7a2415c8cb09cd477e94cff8479b99a2cc0,5,5,4,1,4,5,5,3,2,3,3,3,3,REJECT_AUTO,RPG/character scores are metadata heuristics; Human Listening is authoritative. | distinctness_check=HUMAN_REQUIRED | DURATION_OUT_OF_RANGE
AUDITION_dragan_candidate_07,Dragan,candidate_07,mythicinfinity/libritts_r,mythicinfinity/libritts_r,6313,/root/.cache/huggingface/datasets/downloads/extracted/5551a515e85b9e463062524539c2e1cb52ba32affe128dffd866db0205248bdd/LibriTTS_R/dev-clean/6313/66125/6313_66125_000019_000006.wav,https://datasets-server.huggingface.co/cached-assets/mythicinfinity/libritts_r/--/0d1718db351207d5a493135a62d5ed8cc4733830/--/clean/dev.clean/1401/audio/audio.wav?Expires=1790045716&Signature=LZPXZEa9fYh31Co8TeQdPZWPZ1eaNenO0TUWEHn0VUbNLwYd6KCWh0Fj5UdJtlRRKR7BijWhWF5NfedfkJCXw2YLpd9VvLWerMN58Nc0j6a3ODNDxhffN-c1fNCZWt63EqoQWienhrDYzt~QHaD8gNcgNquXdaaBGWqDNKA0aFzM7q1C~kxEaSoVdp2jfagyjIyFIJ2Anll1RTBuM2KC4y4h-51zc7FrS1MclQcO4xQ~LyQ1mbJaWhdsGAvHGlT4XcD2AYCgCk~~RIR0J38kp6hAWp9WzMTyOXKO9eru6TGnJYBmvm-fBVUIjNWuxh0gVTWqkEAm~zycrYKY0m0Jtg__&Key-Pair-Id=K3C0L9WB6U5DUC,cc-by-4.0,LICENSE_OK,"We'll have you out of that in no time.""",1.840,24000,1,16,98f23154c0db6c91c2fd6976daa4e25039d2921cc65e95ab14f7a22120b65a34,5,5,4,1,4,5,5,3,2,3,3,3,3,REJECT_AUTO,RPG/character scores are metadata heuristics; Human Listening is authoritative. | distinctness_check=HUMAN_REQUIRED | DURATION_OUT_OF_RANGE
AUDITION_dragan_candidate_08,Dragan,candidate_08,mythicinfinity/libritts_r,mythicinfinity/libritts_r,6313,/root/.cache/huggingface/datasets/downloads/extracted/5551a515e85b9e463062524539c2e1cb52ba32affe128dffd866db0205248bdd/LibriTTS_R/dev-clean/6313/66125/6313_66125_000020_000000.wav,https://datasets-server.huggingface.co/cached-assets/mythicinfinity/libritts_r/--/0d1718db351207d5a493135a62d5ed8cc4733830/--/clean/dev.clean/1402/audio/audio.wav?Expires=1790045716&Signature=ac-FWXggU~yZKv13maRiDmxW39tCoVx6xntrcSJFiwd4T5lsCc-0hiyapGyiQ33CaaODnlQFieOxoO7hS7FqDhz4PQHTCbiKo1YwvYpWC6Y-PVoVfB8uamEQe4T7fD4gkuQ~eH2BuAfyX~cikztDvYg7wotUo2CBcivRLGdcD71oR-h4Z9lJzAZnSc7r3LO-tongfrZkIBlv0STQYildyreuu1iHX6aLZZgutir5fZpe3CwusjtCQmNDc-IHXAzW4Hk-ddpXo2Jh17ska08-iRsH1soWzBf8BbFgYCekCYOQ-qnsZ1nQVaeIk2zReWKhvmMHP4bxL1YJzFza~1FiDg__&Key-Pair-Id=K3C0L9WB6U5DUC,cc-by-4.0,LICENSE_OK,"""Don't move around.",0.840,24000,1,16,890519109fb58419e5e8b8f2814bc78a0bfde89bac4e845872fdb700c1a9c839,5,5,4,1,4,5,5,3,2,3,3,3,3,REJECT_AUTO,RPG/character scores are metadata heuristics; Human Listening is authoritative. | distinctness_check=HUMAN_REQUIRED | DURATION_OUT_OF_RANGE
AUDITION_dragan_candidate_09,Dragan,candidate_09,mythicinfinity/libritts_r,mythicinfinity/libritts_r,6313,/root/.cache/huggingface/datasets/downloads/extracted/5551a515e85b9e463062524539c2e1cb52ba32affe128dffd866db0205248bdd/LibriTTS_R/dev-clean/6313/66125/6313_66125_000020_000001.wav,https://datasets-server.huggingface.co/cached-assets/mythicinfinity/libritts_r/--/0d1718db351207d5a493135a62d5ed8cc4733830/--/clean/dev.clean/1403/audio/audio.wav?Expires=1790045716&Signature=Lf5xMkA4cEDkTbgEjIhiFjPDZ1FVT-m-8op2BThM5pauqPlJ6z6WoMaj5T2FCa4RZChavjJzVWjcrs0KefqWLxKSdiDSn6nuNuyi4KSTC-V73h7533UrjAd9bEp~BJdJvG~Lps3Xp0~Tn6vZZH0wbEz~OJYnJzOQd8p8T80wjaoFhQrQQw1HL32o1NUL6B3KIdqZJCfXCS~euz-9l3ug2KoIuGn9UsyGs2cyBtteTsldsqt9xRj3ZRIoC2H5NEb-M64EKAJ4xLn25t5Ce6GMZht~qOPoGTmxNUhor8fZ4Ms-EyZQgilvl0tXtj3cbFfO2Hb3d2cF6BHHbjL7QEPq2w__&Key-Pair-Id=K3C0L9WB6U5DUC,cc-by-4.0,LICENSE_OK,"Lie perfectly still,"" warned the guide.",2.080,24000,1,16,1a813fe90e01783d98d6a77200decd754adaa54f26e9579f993ba31b6b7447da,5,5,4,1,4,5,5,3,2,3,3,3,3,REJECT_AUTO,RPG/character scores are metadata heuristics; Human Listening is authoritative. | distinctness_check=HUMAN_REQUIRED | DURATION_OUT_OF_RANGE
AUDITION_dragan_candidate_10,Dragan,candidate_10,mythicinfinity/libritts_r,mythicinfinity/libritts_r,6313,/root/.cache/huggingface/datasets/downloads/extracted/5551a515e85b9e463062524539c2e1cb52ba32affe128dffd866db0205248bdd/LibriTTS_R/dev-clean/6313/66125/6313_66125_000020_000002.wav,https://datasets-server.huggingface.co/cached-assets/mythicinfinity/libritts_r/--/0d1718db351207d5a493135a62d5ed8cc4733830/--/clean/dev.clean/1404/audio/audio.wav?Expires=1790045716&Signature=Qc4EDpGJffpNi8nFVvCJNFC9-HlxL0RFeQE7kQvbMe516qk4ivv5O8gpz6rPgunRXglaqADMXzvXN8fcTKNzoESdLRk6sg43egke2sHrB7~uHpETsyrBVenHUYyzFsH06htxCv~Q5hZsif7IYc9Gw7XPdo9Ci64uHvpzVrV7UcAOIS8mH5weV1~DNlVnSoE3~zNFcahOqoLWwtPExrxhSJTXAFfrva3Ors1tRWv3D-Q~5lX~Fu-Hkijpg53sSzyZrh50j-3chWbQXvKk3nKpwrHzoJXffmp4Z6f58hK-uzsIE8NRs3NF8KaOfWWntisWBcD-m7EW3GZIiFVtjNUQgw__&Key-Pair-Id=K3C0L9WB6U5DUC,cc-by-4.0,LICENSE_OK,"""Are you hurt?""",0.800,24000,1,16,2f64c7201697fa95d60270e44781dbe7e811233f5e587ab01c5f407f60c20943,5,5,4,1,4,5,5,3,2,3,3,3,3,REJECT_AUTO,RPG/character scores are metadata heuristics; Human Listening is authoritative. | distinctness_check=HUMAN_REQUIRED | DURATION_OUT_OF_RANGE
AUDITION_dragan_candidate_01_0d26b206,Dragan,candidate_01_0d26b206,mythicinfinity/libritts_r,mythicinfinity/libritts_r,6313,/root/.cache/huggingface/datasets/downloads/extracted/5551a515e85b9e463062524539c2e1cb52ba32affe128dffd866db0205248bdd/LibriTTS_R/dev-clean/6313/66125/6313_66125_000019_000005.wav,https://datasets-server.huggingface.co/cached-assets/mythicinfinity/libritts_r/--/0d1718db351207d5a493135a62d5ed8cc4733830/--/clean/dev.clean/1400/audio/audio.wav?Expires=1790045887&Signature=snNsRq2RxYoOuaCbqBKT3ISEmrDkyXXdbjhCVs3kikI2gXY4Zxm5vS9o5JdAH3EXu1NC0jnr14Qats-kpe7Os7-UvM0Mw4SoYdat5hYijNCeTD84DHRtSpbMX1qxa18o~r1ply7X6aZFftRqDyEKG47J4df3NZEI3qx3gxFud3rmwE3zgr4LBr76NIYveGbHiPn5V~TP61UbRCaTYCMNyOWzp~ireBxpqzeVicoir0opbeFbj3ku5B6lP4zVMZgHymQdiqmKrASQ1~HU8ojG8aNPi136OVDZzPo4ydRUBfr9JAAb863IUyvBs-sFyJ4QcSFS8LbqrmP9WDwu1GMVPw__&Key-Pair-Id=K3C0L9WB6U5DUC,cc-by-4.0,LICENSE_OK,Stick tight and don't get scared.,1.480,24000,1,16,dca18a4e7ce415069aa570fe59bab7a2415c8cb09cd477e94cff8479b99a2cc0,5,5,4,1,4,5,5,3,2,3,3,3,3,REJECT_AUTO,RPG/character scores are metadata heuristics; Human Listening is authoritative. | distinctness_check=HUMAN_REQUIRED | DURATION_OUT_OF_RANGE
AUDITION_dragan_candidate_02_e98435d1,Dragan,candidate_02_e98435d1,mythicinfinity/libritts_r,mythicinfinity/libritts_r,6313,/root/.cache/huggingface/datasets/downloads/extracted/5551a515e85b9e463062524539c2e1cb52ba32affe128dffd866db0205248bdd/LibriTTS_R/dev-clean/6313/66125/6313_66125_000019_000006.wav,https://datasets-server.huggingface.co/cached-assets/mythicinfinity/libritts_r/--/0d1718db351207d5a493135a62d5ed8cc4733830/--/clean/dev.clean/1401/audio/audio.wav?Expires=1790045887&Signature=xDEyZLxOtf19glUsC9lyQiNYOMjbXVJ1SnH78Rmjjn~0zo7lgcyk0BzvlAbdY~1WCty9am0BbDIwsxe2JXgXLn8N4KO3eMEES6iWg04EuwOGHjyu7IIuD3FtFvsFXVhomQEEVrCIjWxj9X~vw3FVbszZJHBgz2E7KqpZ7me57cY1OwbctWzcsKh-riu3e09jj-fkUXQru0gZ8njm7UTifiITe0bGkdri~PPMqz-8DgeZirSFSi2vSWtAP5dyJytKLwwGVe78-hCH~PBM8h9tPn0s8etCvbT8QvDPmY31vRHjejtTyV1r8tAWCK3hwtJrRFJmGMmdYEuYWujFo8GQPQ__&Key-Pair-Id=K3C0L9WB6U5DUC,cc-by-4.0,LICENSE_OK,"We'll have you out of that in no time.""",1.840,24000,1,16,98f23154c0db6c91c2fd6976daa4e25039d2921cc65e95ab14f7a22120b65a34,5,5,4,1,4,5,5,3,2,3,3,3,3,REJECT_AUTO,RPG/character scores are metadata heuristics; Human Listening is authoritative. | distinctness_check=HUMAN_REQUIRED | DURATION_OUT_OF_RANGE
AUDITION_dragan_candidate_03_0104d654,Dragan,candidate_03_0104d654,mythicinfinity/libritts_r,mythicinfinity/libritts_r,6313,/root/.cache/huggingface/datasets/downloads/extracted/5551a515e85b9e463062524539c2e1cb52ba32affe128dffd866db0205248bdd/LibriTTS_R/dev-clean/6313/66125/6313_66125_000020_000000.wav,https://datasets-server.huggingface.co/cached-assets/mythicinfinity/libritts_r/--/0d1718db351207d5a493135a62d5ed8cc4733830/--/clean/dev.clean/1402/audio/audio.wav?Expires=1790045887&Signature=tb6-188mEfNfprnpo4a9b91FdVWPX49Zr7tFwsxK7YrFrPkH3aDb4Ad9I1vlrBZpESD6afnueYRgWTc2hsJYMPhaVW7GFc7adgxIv1bqJ4WpvF9bFwV437FdC~C6s~hu1FgqrnICw7O8L4j5DE5qouC0xByw3uqb6t21H4uLXnZxI71od5~JodAPM3tfdMU-J~fjSjmbmjsRwnqGf1OAACvik3c4H0xxUDMxosdPd6EXfDpBWAPMAvShnOkuWYFkq1CGCWjKMl4WeIcNTpLyYKK3JSgmLQNjI-QvYn12QD0zJg9muQC9GRx62657h0Ye8hOWVr-WnzSUhBO5nrrA4Q__&Key-Pair-Id=K3C0L9WB6U5DUC,cc-by-4.0,LICENSE_OK,"""Don't move around.",0.840,24000,1,16,890519109fb58419e5e8b8f2814bc78a0bfde89bac4e845872fdb700c1a9c839,5,5,4,1,4,5,5,3,2,3,3,3,3,REJECT_AUTO,RPG/character scores are metadata heuristics; Human Listening is authoritative. | distinctness_check=HUMAN_REQUIRED | DURATION_OUT_OF_RANGE
AUDITION_dragan_candidate_04_67b8fac6,Dragan,candidate_04_67b8fac6,mythicinfinity/libritts_r,mythicinfinity/libritts_r,6313,/root/.cache/huggingface/datasets/downloads/extracted/5551a515e85b9e463062524539c2e1cb52ba32affe128dffd866db0205248bdd/LibriTTS_R/dev-clean/6313/66125/6313_66125_000020_000001.wav,https://datasets-server.huggingface.co/cached-assets/mythicinfinity/libritts_r/--/0d1718db351207d5a493135a62d5ed8cc4733830/--/clean/dev.clean/1403/audio/audio.wav?Expires=1790045887&Signature=XjzaG71HfycyDicsjLmZg5hoXd1ik6p9RIPWKwkrNjNf1Lq~87d3MCUFrU3bgRmhzZBrCGOe4slgtzVvnAxDEbqA1SCHFjgqKH6lNWkrHfi5grUGiEO2tDT0scPVTLPb2NaC4bccbv1ZVkvsfPVTA7zDfnF2qBa~JM6g-ra7NodaINeyqg36MFIa6xChd9vVmKs2Zyfkn9uv4faGthT0CpCmsY8ZyLGwXiUFKgey6akKd50nIlCrOo6GeWKGSsC9TzLndN5GopgBXZIMga8X3dgobwFxdbcAkAQY232DwuKq56HuHTsPrvuHRFqheQfKjCyqLW6SAc06dDXXCdWYKg__&Key-Pair-Id=K3C0L9WB6U5DUC,cc-by-4.0,LICENSE_OK,"Lie perfectly still,"" warned the guide.",2.080,24000,1,16,1a813fe90e01783d98d6a77200decd754adaa54f26e9579f993ba31b6b7447da,5,5,4,1,4,5,5,3,2,3,3,3,3,REJECT_AUTO,RPG/character scores are metadata heuristics; Human Listening is authoritative. | distinctness_check=HUMAN_REQUIRED | DURATION_OUT_OF_RANGE
AUDITION_dragan_candidate_05_daa9bb50,Dragan,candidate_05_daa9bb50,mythicinfinity/libritts_r,mythicinfinity/libritts_r,6313,/root/.cache/huggingface/datasets/downloads/extracted/5551a515e85b9e463062524539c2e1cb52ba32affe128dffd866db0205248bdd/LibriTTS_R/dev-clean/6313/66125/6313_66125_000020_000002.wav,https://datasets-server.huggingface.co/cached-assets/mythicinfinity/libritts_r/--/0d1718db351207d5a493135a62d5ed8cc4733830/--/clean/dev.clean/1404/audio/audio.wav?Expires=1790045887&Signature=O6CKMUofjm2I0n8d6ha02VXkSLdetYHF0MMhRKTzV0TZ276AEk7pCUtMs0U-6E5t2FaAAoGoicJREcQSZWuKOpmOkCLmXc2brT5q-3HoEojIcafIhn6COztxdCUX5U8bZ0v4VkhfVulEPJ5jswZDvNCVrkPmmrtOlI36QY51NryxwjR4ggMr50PuOXADjYQq69aphGZsKIX~4HMUHk2wKn0Yrp17tjw-HRwTCOTDffE4x7Gm13zoa7-glZ7-ZINYJW17VqOGecwzlWvSR3sEyAEpOtWQWCxSDuc1moRA4TpC9b2hrkZ6Jve5kHxu1aBuOtsAyvckiaCOfztQ7T6VOw__&Key-Pair-Id=K3C0L9WB6U5DUC,cc-by-4.0,LICENSE_OK,"""Are you hurt?""",0.800,24000,1,16,2f64c7201697fa95d60270e44781dbe7e811233f5e587ab01c5f407f60c20943,5,5,4,1,4,5,5,3,2,3,3,3,3,REJECT_AUTO,RPG/character scores are metadata heuristics; Human Listening is authoritative. | distinctness_check=HUMAN_REQUIRED | DURATION_OUT_OF_RANGE
AUDITION_dragan_candidate_06_552bbc4f,Dragan,candidate_06_552bbc4f,mythicinfinity/libritts_r,mythicinfinity/libritts_r,6313,/root/.cache/huggingface/datasets/downloads/extracted/5551a515e85b9e463062524539c2e1cb52ba32affe128dffd866db0205248bdd/LibriTTS_R/dev-clean/6313/66125/6313_66125_000021_000000.wav,https://datasets-server.huggingface.co/cached-assets/mythicinfinity/libritts_r/--/0d1718db351207d5a493135a62d5ed8cc4733830/--/clean/dev.clean/1405/audio/audio.wav?Expires=1790045887&Signature=qx6MEYwyNiZcjBV00qXkQG7r3YG~Xab8XD8J1voJDyZwn4Y2U~zqfYJ5O4gLwDjgQsswz73Gm3vt-SdjCiGJ1r21SRQfjh7z0Wh9eUcqxSEJc0UrxUGwQ~68gAergILlIu9wZvJO1EhKKtRztrZoeQaG0VnvEuS707zbaTF0mttdLZliGIXLeRl6wPUk0-pl4gA2Ohpvp-xWsEuiWTPiGTp~ZwIXxCMUQZZeCltaZw6ZwHLTPq0~jam4nZl65VKCXkzwZCWj6fbTMrnIc-G6deazoCkityZNeJM55myb30MhyqNBWtjJVn4SbyJIyirtxAg9~B5B08LN-lPcTPmyWQ__&Key-Pair-Id=K3C0L9WB6U5DUC,cc-by-4.0,LICENSE_OK,To this question Walter made some reply that was unintelligible to them.,3.440,24000,1,16,73c2acee12353a0680a8f3dfa8d071a02c7891bdb7ab2836312e7f098619b33d,5,5,4,1,4,5,5,3,2,3,3,3,3,REJECT_AUTO,RPG/character scores are metadata heuristics; Human Listening is authoritative. | distinctness_check=HUMAN_REQUIRED | DURATION_OUT_OF_RANGE
AUDITION_dragan_candidate_07_e0143500,Dragan,candidate_07_e0143500,mythicinfinity/libritts_r,mythicinfinity/libritts_r,6313,/root/.cache/huggingface/datasets/downloads/extracted/5551a515e85b9e463062524539c2e1cb52ba32affe128dffd866db0205248bdd/LibriTTS_R/dev-clean/6313/66125/6313_66125_000022_000000.wav,https://datasets-server.huggingface.co/cached-assets/mythicinfinity/libritts_r/--/0d1718db351207d5a493135a62d5ed8cc4733830/--/clean/dev.clean/1406/audio/audio.wav?Expires=1790045887&Signature=kuSX5qNFh-D3qZBEklqfo2mjtysVcqWJolyKAvyPVBvRRbrY36NE7N0QBHDpCtb0bhMNlTNwScxtT6kqf77y1IBW2dhYdLKod5EXkBZei~TUFNqbwWRQZe8Ryx98mLiHazG9GURpLzvxw8rXkGg8k1ghXH3HAaOceGAmlHiobV~J0LjiDu4zIYDgj1XZvg2wayc~S~J8Y5NRr7ImvjKV0qqLrRXnepiWwWFkfVFxZHLGL3SWqWVGmjbUsTXfiYC63Biz1DmdrPrpm5uk6U6FeSpbP-97W~StOhD1kQkD3jQdXN0sDqyErkD-To-n4ZymGNdnf00rHsBMVLJBaabr1w__&Key-Pair-Id=K3C0L9WB6U5DUC,cc-by-4.0,LICENSE_OK,"""Now, what are we going to do, I'd like to know?"" asked Ned.",3.040,24000,1,16,d666e8540252c7240bce41ca968e2877941601e54edacd74e36245d05f2893e8,5,5,4,1,4,5,5,3,2,3,3,3,3,REJECT_AUTO,RPG/character scores are metadata heuristics; Human Listening is authoritative. | distinctness_check=HUMAN_REQUIRED | DURATION_OUT_OF_RANGE
AUDITION_dragan_candidate_08_4885b8a4,Dragan,candidate_08_4885b8a4,mythicinfinity/libritts_r,mythicinfinity/libritts_r,6313,/root/.cache/huggingface/datasets/downloads/extracted/5551a515e85b9e463062524539c2e1cb52ba32affe128dffd866db0205248bdd/LibriTTS_R/dev-clean/6313/66125/6313_66125_000023_000001.wav,https://datasets-server.huggingface.co/cached-assets/mythicinfinity/libritts_r/--/0d1718db351207d5a493135a62d5ed8cc4733830/--/clean/dev.clean/1407/audio/audio.wav?Expires=1790045887&Signature=gplic1FNBY4SiKidyL6CsOAoIqpD~gGnoA1tuy0MMJtZeRJPRAP0SBkMlbMgV4nF~NhYU6wsLeN1LpvxdaO7XN9sWwezRzseXAZI4WibWFSZAXmjw73eNX7-mdAYUOFwf2l5iZvThCbEdYRaUaLEjGlQ7O84w7WC8UlwWjBpjpXeybFwqUHSLgZtkichKWziuvLD~-dgW144gvcUgbRxZpjjEY1Hc~Qzow1dPIR6K8l0K2B08guj31e5Vr8yqDWnt7Pof9HAbaTa6I3GH3nb3te01LtZKLwcsGEwkK-~wNtCHYOPiPyAkioaJQ7Xnpdfq3tG44Iu3s74JpWiGh2MUg__&Key-Pair-Id=K3C0L9WB6U5DUC,cc-by-4.0,LICENSE_OK,"""It's a tough job.",1.280,24000,1,16,0d0682cea332093b1a76023b340a2b64520512e925afbcdd27bafa7ac7a2b50d,5,5,4,1,4,5,5,3,2,3,3,3,3,REJECT_AUTO,RPG/character scores are metadata heuristics; Human Listening is authoritative. | distinctness_check=HUMAN_REQUIRED | DURATION_OUT_OF_RANGE
AUDITION_dragan_candidate_09_df8a2311,Dragan,candidate_09_df8a2311,mythicinfinity/libritts_r,mythicinfinity/libritts_r,6313,/root/.cache/huggingface/datasets/downloads/extracted/5551a515e85b9e463062524539c2e1cb52ba32affe128dffd866db0205248bdd/LibriTTS_R/dev-clean/6313/66125/6313_66125_000024_000000.wav,https://datasets-server.huggingface.co/cached-assets/mythicinfinity/libritts_r/--/0d1718db351207d5a493135a62d5ed8cc4733830/--/clean/dev.clean/1408/audio/audio.wav?Expires=1790045887&Signature=OHSjPDeeMQJm4mZkNIYvLa47kmvt~l5kKAUKTtBE9BTjkJtPfdFmokV7MPuuWdXgEiS5fW7zmDmlscgPtfm-eEDIxs7XOW3clGkVtdKI1vNBXh-OZKKZeV4fgdmurVi5Ux7b3~F9Krpq4s~ndd8dULFZuz9ghgGZoWeURvzHyDfnp6EEKbRrkhNhkOoBg7ERgXafCEGXQ40cmlyPvr0YCHHaCRPLcwkL7HPOhd~OfbziIVzM8k81NZqVFZEBLbMVTswfmvL7A6OwYVh2gCtNejnyFA01m4yQaEU6A8YlEIT1wbXvCaBBrEwcOVIqKvLPyNBGNRlYxyapH1sJX8G5LQ__&Key-Pair-Id=K3C0L9WB6U5DUC,cc-by-4.0,LICENSE_OK,"""Why not get a rope and let it down to him,"" suggested Tad.",3.080,24000,1,16,e18f8a4ff8339b06c84e2ccd40b3a422e6070938d44369c49ad328c65bc4dff5,5,5,4,1,4,5,5,3,2,3,3,3,3,REJECT_AUTO,RPG/character scores are metadata heuristics; Human Listening is authoritative. | distinctness_check=HUMAN_REQUIRED | DURATION_OUT_OF_RANGE
AUDITION_dragan_candidate_10_650ec299,Dragan,candidate_10_650ec299,mythicinfinity/libritts_r,mythicinfinity/libritts_r,6313,/root/.cache/huggingface/datasets/downloads/extracted/5551a515e85b9e463062524539c2e1cb52ba32affe128dffd866db0205248bdd/LibriTTS_R/dev-clean/6313/66125/6313_66125_000025_000000.wav,https://datasets-server.huggingface.co/cached-assets/mythicinfinity/libritts_r/--/0d1718db351207d5a493135a62d5ed8cc4733830/--/clean/dev.clean/1409/audio/audio.wav?Expires=1790045887&Signature=Dmt6zhHqKzOcbxShsAt2gQacGZTG204XNevleh1yRJEtIQWjaoPLyq-FglgH8Rir0eUxcaQe381m4daSEz5JWGRMZEy3msWrSodpo3X4XzIUk0AX6AwSex4Lo23DR~E9YqY4fWiz2mJ2hZI4kfVePfuLuQ4919Kfr99rpvSvL-fhk0zi-Cr0Fbyc~vMr39kDozmIRhmgcEnGN6QCUBNUmSPu-ZB2ZZuYdjVSu3c8nv6fPYXkPxADLYdeJUDV0C4f~-ByTrDYkODutvwnm5XOHJcM-1IRKsmZbaPa51zTDfb~4f~jr5KWUP3dBU2677ARP9VW2sRaL1PBO78kE4SJkg__&Key-Pair-Id=K3C0L9WB6U5DUC,cc-by-4.0,LICENSE_OK,"""Yes, that's the only way we can do it.",2.080,24000,1,16,1278516a11633e133bdb83a24c5b424bc0acadc1e3a47c526078b3abdd55c64b,5,5,4,1,4,5,5,3,2,3,3,3,3,REJECT_AUTO,RPG/character scores are metadata heuristics; Human Listening is authoritative. | distinctness_check=HUMAN_REQUIRED | DURATION_OUT_OF_RANGE
AUDITION_dragan_candidate_11_016bc3b0,Dragan,candidate_11_016bc3b0,mythicinfinity/libritts_r,mythicinfinity/libritts_r,6313,/root/.cache/huggingface/datasets/downloads/extracted/5551a515e85b9e463062524539c2e1cb52ba32affe128dffd866db0205248bdd/LibriTTS_R/dev-clean/6313/66125/6313_66125_000025_000002.wav,https://datasets-server.huggingface.co/cached-assets/mythicinfinity/libritts_r/--/0d1718db351207d5a493135a62d5ed8cc4733830/--/clean/dev.clean/1410/audio/audio.wav?Expires=1790045887&Signature=GIqSxYrnwf0oK5qTqooO38NT18BpGPYAVjNScytmQdm7u5c0szH~bMIdPVpiqHFN76VyMWVrkDuO0SayE6EdA8Bg0u3~LUMrP2y~l4dqy0qZgc8j8NMfUd1E7zHOPMsdVRi4ipdfTR~m1h3NGeBEeW~ucokYGu0Uc2s9rLNhFIf7Tl5qT42duF3PjXRsOBmbEsg5TT-WdpBIhIicRkXNnlx0BHBqqIgJ5IE0hWn4Xual1ng-b2o6gNGLsIp8E9KvWQ-DXYbtdkUt-8vZ71xVq~37INFPjcpj6kFPKimOhYGhkvu-SgzEz4k5S~cCC3hXfbu~P8bLXv9pKjQdxavJIw__&Key-Pair-Id=K3C0L9WB6U5DUC,cc-by-4.0,LICENSE_OK,"Hurry!""",0.640,24000,1,16,4e2491cef0b3d6b55a949bd463b0814bd3fbdde240164aeb378e57a6914ae184,5,5,4,1,4,5,5,3,2,3,3,3,3,REJECT_AUTO,RPG/character scores are metadata heuristics; Human Listening is authoritative. | distinctness_check=HUMAN_REQUIRED | DURATION_OUT_OF_RANGE
AUDITION_dragan_candidate_12_ceb5b394,Dragan,candidate_12_ceb5b394,mythicinfinity/libritts_r,mythicinfinity/libritts_r,6313,/root/.cache/huggingface/datasets/downloads/extracted/5551a515e85b9e463062524539c2e1cb52ba32affe128dffd866db0205248bdd/LibriTTS_R/dev-clean/6313/66125/6313_66125_000027_000000.wav,https://datasets-server.huggingface.co/cached-assets/mythicinfinity/libritts_r/--/0d1718db351207d5a493135a62d5ed8cc4733830/--/clean/dev.clean/1411/audio/audio.wav?Expires=1790045887&Signature=i1mYzGP~xJwdygYAXRMsVigPWRvFdRZ834A612fadHzq0nfuvbbExHn9p2rt10H3ge2cJ0FPIHJT0qIlG9Sc6Mbnaa3NIUUVl8CBTa-6qKFMVoWU9zI6dOuNEqr5wd36d8Qkc~wXIpzMBKfA8oPmvjnHB-mFfGOzEimWDgjU2a3zZoV2sTeCET-Ujs5OLbXFOoc17MBUlU-f3Ig9YTgdHwfIGVUt8iAn4D9el0IGCJ3elm3-5GWBAg0c-UaF2Dk3ggKsCOxTpm90C4UJvazBRPnuI~jAEZ3C0vw6JVWKGxfNbUaVYYfpPFVaSQFy2heiK8GVxSwIpDpagR1V-LFE8A__&Key-Pair-Id=K3C0L9WB6U5DUC,cc-by-4.0,LICENSE_OK,"The mountaineer quickly formed a loop in one end of the rope, making it large enough to permit of its slipping over the shoulders of a man.",6.400,24000,1,16,391c98e0ef774476cf48c58b92c29b729728365aca13206a8603c5ac570fe6b1,5,5,4,4,4,5,5,3,2,3,3,3,3,PENDING_HUMAN_REVIEW,RPG/character scores are metadata heuristics; Human Listening is authoritative. | distinctness_check=HUMAN_REQUIRED
AUDITION_dragan_candidate_13_7736e148,Dragan,candidate_13_7736e148,mythicinfinity/libritts_r,mythicinfinity/libritts_r,6313,/root/.cache/huggingface/datasets/downloads/extracted/5551a515e85b9e463062524539c2e1cb52ba32affe128dffd866db0205248bdd/LibriTTS_R/dev-clean/6313/66125/6313_66125_000028_000000.wav,https://datasets-server.huggingface.co/cached-assets/mythicinfinity/libritts_r/--/0d1718db351207d5a493135a62d5ed8cc4733830/--/clean/dev.clean/1412/audio/audio.wav?Expires=1790045887&Signature=a5Hn-tR1RYctjNxx2Ngo2rY5z~UQuLv~0bmXbBmAyD7u2Nrst2l4C30nhNihMvZo~dK4VGzi~kd2f2Ew8N76pGX~kDPxr5HzBKfQovQyUBchQyUkAgPLBkT-VqdmdNTUyZG5vYoW~BeHSYQk7K0ut8V~1R9RCQd-LKPVMmEa2WcjEfa6u2xXZvkG0GEwuFCYS3hvHzG4hh1ZuxnFa25rvxcudwughJygNLxkcQWVSQabPwYDZOGNq7LPEDRoaJdS6dQKGIizdNljUVYz7KP8X8lX8LE0mdQe0jlx3sg8tVWM~4tIkMDl9UEV9dBjEdNGlJm5njlpnhR2efWhNerRxQ__&Key-Pair-Id=K3C0L9WB6U5DUC,cc-by-4.0,LICENSE_OK,"""Hello, down there!",1.000,24000,1,16,31c34958aff5b3d2c52e8ec81151b7a8bbe92b6e548ff9cc79d3ae64f296694f,5,5,4,1,4,5,5,3,2,3,3,3,3,REJECT_AUTO,RPG/character scores are metadata heuristics; Human Listening is authoritative. | distinctness_check=HUMAN_REQUIRED | DURATION_OUT_OF_RANGE
AUDITION_dragan_candidate_14_e6ccf7b8,Dragan,candidate_14_e6ccf7b8,mythicinfinity/libritts_r,mythicinfinity/libritts_r,6313,/root/.cache/huggingface/datasets/downloads/extracted/5551a515e85b9e463062524539c2e1cb52ba32affe128dffd866db0205248bdd/LibriTTS_R/dev-clean/6313/66125/6313_66125_000028_000001.wav,https://datasets-server.huggingface.co/cached-assets/mythicinfinity/libritts_r/--/0d1718db351207d5a493135a62d5ed8cc4733830/--/clean/dev.clean/1413/audio/audio.wav?Expires=1790045887&Signature=pCI1Nh6px~257w3nCHyB9bvCllfYbpxhkQCk-zGK29g9EfraIU0BvkEIrOK0kn984WDHOevYQK-75Yf9AxZN7GCzY~~dLApOG4fmgoNzPbbtrOkpbF524YjS3MfgCAjTBhX1IELeSrXrotHg9tQJkKtzbqsqadjtth2Z-jH~tGplnyGBYgp27gyKZjLCCS2vxBzyAkNFj2DUkrngSuVrxZ0TozacwdsPxoSZeHu6pDqGN6xBsiZgUFZnHp4YcseRKk4t0BPhdBMmN52wLPzGY2CFJvIpR1B7CtmsL6iC62bCd5eu2VexZIsgNRVOxD8jkXCphiVl~UTcX5VPuMDkhg__&Key-Pair-Id=K3C0L9WB6U5DUC,cc-by-4.0,LICENSE_OK,Let me know when the rope reaches you.,1.640,24000,1,16,1005de082181bdb0d1fe5939c3df53479f32abb3a0a2764c19cc1dcafd83852d,5,5,4,1,4,5,5,3,2,3,3,3,3,REJECT_AUTO,RPG/character scores are metadata heuristics; Human Listening is authoritative. | distinctness_check=HUMAN_REQUIRED | DURATION_OUT_OF_RANGE
AUDITION_dragan_candidate_15_b1369099,Dragan,candidate_15_b1369099,mythicinfinity/libritts_r,mythicinfinity/libritts_r,6313,/root/.cache/huggingface/datasets/downloads/extracted/5551a515e85b9e463062524539c2e1cb52ba32affe128dffd866db0205248bdd/LibriTTS_R/dev-clean/6313/66125/6313_66125_000028_000002.wav,https://datasets-server.huggingface.co/cached-assets/mythicinfinity/libritts_r/--/0d1718db351207d5a493135a62d5ed8cc4733830/--/clean/dev.clean/1414/audio/audio.wav?Expires=1790045887&Signature=fK0x9zPUWt7kofE1nk~fPK714r7xnV86KNKkPBkjwbj96nzwykJnOF7UmduleG41cbqNCUD1Ac0toMD08szTfjG3pgfklHRFTIF43sT2e9KoaT7xgmoy2kBGBKNZ7HtM0dzH8PIW4ZXi8cFmuEolD4EH1aDY2hPzwN-hZs3saVlBxAMJooDQBHILek3E-CHkRuIWMK5GCHBYDQTqAC5eSfxYT-41XG2ev-mc1Hy-h~EjDf5F6YtEu5Kq74tGTbBZMPKvO7v2XOakFt-hnj0QF8Mf1GNdoLqUMDHkwuUZSC2n8YzlwK9ok2uo7oyF3Fmrb9Y4P75R2UEZaP1Sn4pHfQ__&Key-Pair-Id=K3C0L9WB6U5DUC,cc-by-4.0,LICENSE_OK,"Can you slip it over your shoulders and under your arms?"" called the guide.",3.520,24000,1,16,a7b04ca4d058a0018612eaf12da1af0d30cfccd066faaad30d35b515e53ae626,5,5,4,1,4,5,5,3,2,3,3,3,3,REJECT_AUTO,RPG/character scores are metadata heuristics; Human Listening is authoritative. | distinctness_check=HUMAN_REQUIRED | DURATION_OUT_OF_RANGE
AUDITION_draganrpgsearch_candidate_01_63b4a4bb,DraganRPGSearch,candidate_01_63b4a4bb,mythicinfinity/libritts_r,mythicinfinity/libritts_r,2428,/root/.cache/huggingface/datasets/downloads/extracted/5551a515e85b9e463062524539c2e1cb52ba32affe128dffd866db0205248bdd/LibriTTS_R/dev-clean/2428/83699/2428_83699_000008_000006.wav,https://datasets-server.huggingface.co/cached-assets/mythicinfinity/libritts_r/--/0d1718db351207d5a493135a62d5ed8cc4733830/--/clean/dev.clean/2875/audio/audio.wav?Expires=1790047340&Signature=RmnWGHZ7biZi6jhLXDrrq0HMiP59aEWcqg-oVszlZ23Vi853vGd04VZZtaXijKIKm3wAHyWS6JIhysd0fPqauBU2zbV7kO7lVPOQJ3ZxwWm2MUeOUvgEStYxhAn8hcpjZ0sfTa9teBSIuNNdaGKwQMWHn~xM-8AkYHMq9KCDL7f8DSL4QZ0KL4QbmDBiO8I4uqXxLyRH-Qmq~LgvStEz~mhOI9tuL0aAEksAdV-BDBO3z5E2asQG4y4l9aX31i4LQnaDBurKVdnDnTt2u8rY96UA-YgWh32zpvvH~YgZMxRwkDI44bb911BcuRCaYiJEEEJApTACTgrlHxCLDum-RA__&Key-Pair-Id=K3C0L9WB6U5DUC,cc-by-4.0,LICENSE_OK,"There was nothing said about the sort of accommodation which would be provided, nothing about the kind of establishment which was maintained, or the table which was kept.",8.680,24000,1,16,970fee317751447bc67f77c45cc41417da16441d1d8d84152247ef280cee44ae,5,5,4,5,3,5,5,4,2,2,3,3,2,PENDING_HUMAN_REVIEW,RPG/character scores are metadata heuristics; Human Listening is authoritative. | distinctness_check=HUMAN_REQUIRED
AUDITION_draganrpgsearch_candidate_02_d262dae7,DraganRPGSearch,candidate_02_d262dae7,mythicinfinity/libritts_r,mythicinfinity/libritts_r,2428,/root/.cache/huggingface/datasets/downloads/extracted/5551a515e85b9e463062524539c2e1cb52ba32affe128dffd866db0205248bdd/LibriTTS_R/dev-clean/2428/83699/2428_83699_000009_000004.wav,https://datasets-server.huggingface.co/cached-assets/mythicinfinity/libritts_r/--/0d1718db351207d5a493135a62d5ed8cc4733830/--/clean/dev.clean/2877/audio/audio.wav?Expires=1790047340&Signature=lN64S90JTpN25bUj2xp56YKSixuS6wFv5E5mYc~JswCCQXJYYEFFSBuxZWCmJ2nFPVOQKtfZXkehe6cbuZ0HmyNJgyoKcXH9qvQ81RuwKsJCLl4rDrKxHiRGZZRtnQlTebJhzaFPQovgH-Y277X8che1QS154MMF1rLw-PGKS72olt68FtopDezR7d3wE9lB-p4ajnpaMXgTEMsncruz8doCrXL~5yzsLdmqTo4AXCSF89ASenph57mk2y9WRgaVrEQKHCDQTBZn4xidiwmcUgBPJO-NvrdCm5eUu-FCvG-w0RpUKG7K71Jzk8rrEDjpCFVgUYvpdImYuPLehiqNiw__&Key-Pair-Id=K3C0L9WB6U5DUC,cc-by-4.0,LICENSE_OK,"She was apparently the careworn mother of a ""lively family."" Under such circumstances she was hardly likely to be ""lively"" herself, but her name was Madge, and it was the accident of her Christian name which decided me to go.",13.520,24000,1,16,4095c72648f03c4879c35af553a14fd6c8c6f355b51de60fac0617c25104d8e4,5,5,4,5,3,5,5,4,2,2,3,3,2,PENDING_HUMAN_REVIEW,RPG/character scores are metadata heuristics; Human Listening is authoritative. | distinctness_check=HUMAN_REQUIRED
AUDITION_draganrpgsearch_candidate_03_0a85f124,DraganRPGSearch,candidate_03_0a85f124,mythicinfinity/libritts_r,mythicinfinity/libritts_r,2428,/root/.cache/huggingface/datasets/downloads/extracted/5551a515e85b9e463062524539c2e1cb52ba32affe128dffd866db0205248bdd/LibriTTS_R/dev-clean/2428/83699/2428_83699_000010_000001.wav,https://datasets-server.huggingface.co/cached-assets/mythicinfinity/libritts_r/--/0d1718db351207d5a493135a62d5ed8cc4733830/--/clean/dev.clean/2878/audio/audio.wav?Expires=1790047340&Signature=Hle-EQ5CcbOJMk1OfyPs-SgzuQz4fOVXk7oUeGtILaCbwO2v7K7zerTqojheqGUS9B9P~HEEeLu2GoRE72lirCHDRVMr4zrvjrJ3fLSYlkZijb0v9GrhQ7Z6dOBmb5wcp-cUWVk1g6NqFw~XqxAnjZ5~kddwckMsNqvXd8tb7GV4Ph8tlkns40kICvbsH8VXW0lQrOJWyUoezEdaZpg0VUbO9yN4Us3NtrCBIQB-ia9rGkplJ-p7EOo7NzxxPZB~KTSUIrRNTDWjWrBUonRJJYrcMW3Rvo5Gu7A2RWGQFJ8Bq0UOx6itlRDTGV3B0~1xJ1YEQobj3dGBn7TrIyIPdg__&Key-Pair-Id=K3C0L9WB6U5DUC,cc-by-4.0,LICENSE_OK,"No doubt the five guineas were badly wanted; even a ""lively family"" would be hardly likely to advertise for a perfect stranger to spend Christmas with them if they were not.",8.160,24000,1,16,0e594a9bf2ef3ce9ee4fe52963d5db412ba8cb73d965b05b2614d0e5e7d93b7b,5,5,4,5,3,5,5,4,2,2,3,3,2,PENDING_HUMAN_REVIEW,RPG/character scores are metadata heuristics; Human Listening is authoritative. | distinctness_check=HUMAN_REQUIRED
AUDITION_draganrpgsearch_candidate_04_6f8a47f2,DraganRPGSearch,candidate_04_6f8a47f2,mythicinfinity/libritts_r,mythicinfinity/libritts_r,2428,/root/.cache/huggingface/datasets/downloads/extracted/5551a515e85b9e463062524539c2e1cb52ba32affe128dffd866db0205248bdd/LibriTTS_R/dev-clean/2428/83699/2428_83699_000010_000003.wav,https://datasets-server.huggingface.co/cached-assets/mythicinfinity/libritts_r/--/0d1718db351207d5a493135a62d5ed8cc4733830/--/clean/dev.clean/2879/audio/audio.wav?Expires=1790047340&Signature=qGAyc0yYTKFtLaQK5s1CEKb9Y~xEjaGfUO~Df4ZDaDq75QROUpcGys8YUb2UoVFDO9lIsxmq7gJeJAmHoL67VF8JbsPTn5UEKEiStOnICqT1qfVKjUSlaSgbss70BMsa~myjubtwPPqTw7-g2wSBymUwjvKoC6KtA5JRRt6vWNAvgodZzjcHsuZaIAX-BJWoVhMQdVdoQk2VHR4xu0Fg6GWSjQBXSXJXA1yMRoYvE~Ktzc5pPpWH~9sPF7dcGONvl4J~M91FYhmNEh8qMOwU-f~b5pfy9SH-PxXRiZcfrAUFLQuFnexZxmpE750iw0kj03hjSgMspiKO5aMWbfU5hQ__&Key-Pair-Id=K3C0L9WB6U5DUC,cc-by-4.0,LICENSE_OK,"Still I felt that it could hardly be worse than a chop or cousin Lucy; the subjects of her conversation I never cared about when they were alive, and I certainly do not want to talk about them now they are dead.",11.520,24000,1,16,73e05a4f8c4e5b515122eea99275a9e2a1872f65752338b46d7e041e117df96d,5,5,4,5,3,5,5,4,2,2,3,3,2,PENDING_HUMAN_REVIEW,RPG/character scores are metadata heuristics; Human Listening is authoritative. | distinctness_check=HUMAN_REQUIRED
AUDITION_draganrpgsearch_candidate_05_a31dd227,DraganRPGSearch,candidate_05_a31dd227,mythicinfinity/libritts_r,mythicinfinity/libritts_r,6313,/root/.cache/huggingface/datasets/downloads/extracted/5551a515e85b9e463062524539c2e1cb52ba32affe128dffd866db0205248bdd/LibriTTS_R/dev-clean/6313/66129/6313_66129_000090_000000.wav,https://datasets-server.huggingface.co/cached-assets/mythicinfinity/libritts_r/--/0d1718db351207d5a493135a62d5ed8cc4733830/--/clean/dev.clean/1361/audio/audio.wav?Expires=1790047338&Signature=lttYWEgUODFFXCF6Cxm9jsgJt84MBNIhUdsBGQWZq4sxr5NSoDSQUJ5BZKiMV0~E67ZURt5aM8OnLWVQUW1rxEEdo7yo-yvG~BZW0GwiaL78YFZdHZicVah1ijN5XaoGp6Z8IyOpCSFdJGqeVTC6RiX8xtNlWD0PFIfFpyvXUzk~UTpCE5rHT0JaSpWoB0MNKXzm77fJ24s0Gz2IPsVjDCUiysqdoyW~0EgSoioZjLcYC~9t4-bVfH4B7tE~mQnDxSwe-RAPmFDaRw1~b7Lvm5wDW-3Ukme8-L9OjUNaF2sxQ0vNw9uoLOLI3jGjeu3SvcHt5vXuRQQ4PO5egCpNzw__&Key-Pair-Id=K3C0L9WB6U5DUC,cc-by-4.0,LICENSE_OK,Then Chunky essayed the feat.,1.640,24000,1,16,d1fd19ae7c612eab7bfabb8e9c1732acfb9bd990d77734faef24cb14c18e6621,5,5,4,1,4,5,5,3,2,3,3,3,3,REJECT_AUTO,RPG/character scores are metadata heuristics; Human Listening is authoritative. | distinctness_check=HUMAN_REQUIRED | DURATION_OUT_OF_RANGE
AUDITION_draganrpgsearch_candidate_06_231f57bc,DraganRPGSearch,candidate_06_231f57bc,mythicinfinity/libritts_r,mythicinfinity/libritts_r,6313,/root/.cache/huggingface/datasets/downloads/extracted/5551a515e85b9e463062524539c2e1cb52ba32affe128dffd866db0205248bdd/LibriTTS_R/dev-clean/6313/66129/6313_66129_000068_000000.wav,https://datasets-server.huggingface.co/cached-assets/mythicinfinity/libritts_r/--/0d1718db351207d5a493135a62d5ed8cc4733830/--/clean/dev.clean/1368/audio/audio.wav?Expires=1790047338&Signature=FRBfV5hlMx2hzrg6d2GHZ9tvb8Vlw87VSgaQocD798OC~opdKSy7xeBJGu8oiMh6mlFOb9CK3bY4~-rjieEk49jKr1bQXnpz0WZ2epdWw9iTo4u2rPA94fzpiXhDB1Blt7ANP1B6Cn50LUPVinrwsvacgAa8SvnkLCsyW4vA986x3la55P~CCevg8IyqEEUAGPiqihqF6HG1U9IicwEjr-tiI0R8mTCYMxbVccbAyCqdcZdBtUHs8-L-d84SruNh-lxYWCI2snVrHWhpnO5ForKPs~AaVy2moNj1GnvCUUabwr~M74kfEqr62Q8dF7-byuMBBT30cXrrSRUPa~JXKA__&Key-Pair-Id=K3C0L9WB6U5DUC,cc-by-4.0,LICENSE_OK,"""I'll show you,"" promised Tad.",1.760,24000,1,16,ba5986957f74f8e66e092b79c4ab01b9919ee9ba9964dee5a0abe6129b340165,5,5,4,1,4,5,5,3,2,3,3,3,3,REJECT_AUTO,RPG/character scores are metadata heuristics; Human Listening is authoritative. | distinctness_check=HUMAN_REQUIRED | DURATION_OUT_OF_RANGE
AUDITION_draganrpgsearch_candidate_07_4efe9b6b,DraganRPGSearch,candidate_07_4efe9b6b,mythicinfinity/libritts_r,mythicinfinity/libritts_r,6313,/root/.cache/huggingface/datasets/downloads/extracted/5551a515e85b9e463062524539c2e1cb52ba32affe128dffd866db0205248bdd/LibriTTS_R/dev-clean/6313/66129/6313_66129_000020_000000.wav,https://datasets-server.huggingface.co/cached-assets/mythicinfinity/libritts_r/--/0d1718db351207d5a493135a62d5ed8cc4733830/--/clean/dev.clean/1371/audio/audio.wav?Expires=1790047338&Signature=udEYHEuR9WJK1eBeILWt8VPvMizifwPTVsxZyR2mNJkBQL-xRKJpfh-zs87tIVHeWPVHISK1pao7FHhuh7gHAichLcZkFT4sVfzQX90MoPC0nS1m0bBEYNYEZI9w5lPuL2puNC9LYqrUvdktSnboFF38pCDuqNjvFAhOAmLFusZI8WoXNU2nH0nroxPCQepiUMptRQbRaZEjnL9Sy7ab3lxn2Cb6xEPhVth0Ka~0Q3jGtF85phyGqpHU6N1JcECwKjKbowQhBskZyDxiYI2kt8o0yVCnV1CYpnWRTq~uUOfifdjaC2R~1iM2mfjNra~ukWCcNRm5xsD355ungCs0-Q__&Key-Pair-Id=K3C0L9WB6U5DUC,cc-by-4.0,LICENSE_OK,"""Hooray, fellows!"" he shouted.",1.560,24000,1,16,f59a67c2b118bcb348fa15a24b634f311b4c5b2e28647fa54ee595e9235b1532,5,5,4,1,4,5,5,3,2,3,3,3,3,REJECT_AUTO,RPG/character scores are metadata heuristics; Human Listening is authoritative. | distinctness_check=HUMAN_REQUIRED | DURATION_OUT_OF_RANGE
AUDITION_draganrpgsearch_candidate_08_1f1b721f,DraganRPGSearch,candidate_08_1f1b721f,mythicinfinity/libritts_r,mythicinfinity/libritts_r,6313,/root/.cache/huggingface/datasets/downloads/extracted/5551a515e85b9e463062524539c2e1cb52ba32affe128dffd866db0205248bdd/LibriTTS_R/dev-clean/6313/66125/6313_66125_000010_000000.wav,https://datasets-server.huggingface.co/cached-assets/mythicinfinity/libritts_r/--/0d1718db351207d5a493135a62d5ed8cc4733830/--/clean/dev.clean/1384/audio/audio.wav?Expires=1790047338&Signature=G67xFcN9t76YYR~R79hvnLmpgfLioxWBG072ucs446qJqCXcQ0CZaDGvBgy0BMNGtDsxJVG62gudyH6NidaARhgrGEhKuefSaLLwPHSQxftYEH1ydJkdfryXPrQsDI9VYFi8xkzXhrqt~xM4HaiYkU~q1kx1Uhjuccpa~A5C5b5w9DT0QNve4o8b30ZJfZllqH8zhJUkqU6IGhaDcYbOUIEPhXA4okkKSxvbi2esh-3R4UUo7rotv~m3gVRSSVbCnMJiQuuHz~z3OqY3Q6qBOLt7JCYZXlNAwDZo50-zCrjBDjV0nssjHO5uwJ3LMzK6jK39d~mNShwvBcoisE4vFQ__&Key-Pair-Id=K3C0L9WB6U5DUC,cc-by-4.0,LICENSE_OK,"""I know--I know--but----""",2.320,24000,1,16,2d49c35d75be4cf3185998f91f9ec2da6005f781e276f22109e62fc11b2ebcf0,5,5,4,1,4,5,5,3,2,3,3,3,3,REJECT_AUTO,RPG/character scores are metadata heuristics; Human Listening is authoritative. | distinctness_check=HUMAN_REQUIRED | DURATION_OUT_OF_RANGE
AUDITION_draganrpgsearch_candidate_09_cbc4bfc1,DraganRPGSearch,candidate_09_cbc4bfc1,mythicinfinity/libritts_r,mythicinfinity/libritts_r,6313,/root/.cache/huggingface/datasets/downloads/extracted/5551a515e85b9e463062524539c2e1cb52ba32affe128dffd866db0205248bdd/LibriTTS_R/dev-clean/6313/66125/6313_66125_000017_000000.wav,https://datasets-server.huggingface.co/cached-assets/mythicinfinity/libritts_r/--/0d1718db351207d5a493135a62d5ed8cc4733830/--/clean/dev.clean/1394/audio/audio.wav?Expires=1790047338&Signature=Vcn8Wh8FJbp5VyIPtfAhnoQRfZZSggsA8KtbPkYTgtZVf8lj8zJCXinFS1WQNyV9SPUSh-8xn6LkKlw5OAKnKVMrsEOPdC9qmMNEscwQtBIBNGaZ-7B2G2HWGMKq8n6gj3Epd81ZVT5JOHT1LefrFe06~5Opy2auTH0ZM5Pc0z0nZklFS-7mmEU-J7nj7DKPCWmrCIKmFf10vH9vqHDIDNi8WAXKoidSaiaKNPV1InEQb24P2Gyc2QNGBnKRbzfcsTiChXFt7yU-0UdywMQkTnnkMA7098QGb~cHtDjo4M0hxZzgXoUxVoWmYB7zeUbb0TVExf1VmuX8OFE7pQZB1g__&Key-Pair-Id=K3C0L9WB6U5DUC,cc-by-4.0,LICENSE_OK,"""No.",0.520,24000,1,16,d109b754fc2539f2b2991bae9ffcf71198c13fa5fef91d8da3cea7400524f58f,5,5,4,1,4,5,5,3,2,3,3,3,3,REJECT_AUTO,RPG/character scores are metadata heuristics; Human Listening is authoritative. | distinctness_check=HUMAN_REQUIRED | DURATION_OUT_OF_RANGE
AUDITION_draganrpgsearch_candidate_10_8defaa4f,DraganRPGSearch,candidate_10_8defaa4f,mythicinfinity/libritts_r,mythicinfinity/libritts_r,6313,/root/.cache/huggingface/datasets/downloads/extracted/5551a515e85b9e463062524539c2e1cb52ba32affe128dffd866db0205248bdd/LibriTTS_R/dev-clean/6313/66125/6313_66125_000036_000000.wav,https://datasets-server.huggingface.co/cached-assets/mythicinfinity/libritts_r/--/0d1718db351207d5a493135a62d5ed8cc4733830/--/clean/dev.clean/1418/audio/audio.wav?Expires=1790047338&Signature=dhNbPCdx4jehIa6uAoRFsngZZDm0MohPuFA8ycEBS6il72n3iMNyqWFioW05CNJ-jfID27kewnR6nh0seEfonAQHoxQO5epELWbGbauzTR-HLe8td7j3ahtOawi57enqOiQRdwQ3gmSZw-1AMzcPYXkDqhGWc662ymq5jIR7kchObcsEqVVMMqex3RAoBEDk2ISU0ODtZ2VfwfVVBbH04St1UEPr3xdlHO64tilNlwYO1a7UAHduFGLDng4e6x5EpU~~jk-ysl7IICcv5BbJnZ~gemqBL9SJDFyJYtQMRYl8vrwH4SBm6jPxUir07j5yTX2EOT9nG-zVLANIT3y4KQ__&Key-Pair-Id=K3C0L9WB6U5DUC,cc-by-4.0,LICENSE_OK,"""Fainted, probably.",0.960,24000,1,16,fd5748c5fa4879e6d0e2e1d5e9233bc62c5f8c46fbf8a770df821e3c81704157,5,5,4,1,4,5,5,3,2,3,3,3,3,REJECT_AUTO,RPG/character scores are metadata heuristics; Human Listening is authoritative. | distinctness_check=HUMAN_REQUIRED | DURATION_OUT_OF_RANGE
AUDITION_draganrpgsearch_candidate_11_18dd517f,DraganRPGSearch,candidate_11_18dd517f,mythicinfinity/libritts_r,mythicinfinity/libritts_r,6313,/root/.cache/huggingface/datasets/downloads/extracted/5551a515e85b9e463062524539c2e1cb52ba32affe128dffd866db0205248bdd/LibriTTS_R/dev-clean/6313/66125/6313_66125_000038_000001.wav,https://datasets-server.huggingface.co/cached-assets/mythicinfinity/libritts_r/--/0d1718db351207d5a493135a62d5ed8cc4733830/--/clean/dev.clean/1425/audio/audio.wav?Expires=1790047338&Signature=uQPXKbuONhfJWZu0O8wGFOyMtcENnu8x1u4PlVfOu4B8LkgxSRCIvOY3H22rFRbbgLq98LO8DVkioQ8zx1hcbDAP5F0iALWfM3TkZXzkPo-7hgwInbNz49BOMpH3O3g3CmEf6JaQDc0rWpJS9Yr47slWXkRC6eyfJIij~jBzANCOL1-o0Cgu2JRd-35EAGp4B03ZOrkH563hZG-41-6ZAprlJBKNEV07BsU5TkAb--7alG7WyReT6tgVpn8ewQCsnc-LaqIzQJUc5pciVa2Xc3ktLuLmOeNhh0u28gGeIjBLhBPjSqxdKpQKhsewMKJjIHampKyI4v~3ma0liTq74g__&Key-Pair-Id=K3C0L9WB6U5DUC,cc-by-4.0,LICENSE_OK,But talking won't do it.,1.080,24000,1,16,871c31f2faa8a859a545389ebfe4568cc55d731d7b86303a13962e33cf62c0a1,5,5,4,1,4,5,5,3,2,3,3,3,3,REJECT_AUTO,RPG/character scores are metadata heuristics; Human Listening is authoritative. | distinctness_check=HUMAN_REQUIRED | DURATION_OUT_OF_RANGE
AUDITION_draganrpgsearch_candidate_12_11614f9a,DraganRPGSearch,candidate_12_11614f9a,mythicinfinity/libritts_r,mythicinfinity/libritts_r,2428,/root/.cache/huggingface/datasets/downloads/extracted/5551a515e85b9e463062524539c2e1cb52ba32affe128dffd866db0205248bdd/LibriTTS_R/dev-clean/2428/83705/2428_83705_000018_000001.wav,https://datasets-server.huggingface.co/cached-assets/mythicinfinity/libritts_r/--/0d1718db351207d5a493135a62d5ed8cc4733830/--/clean/dev.clean/2800/audio/audio.wav?Expires=1790047339&Signature=lE86rJtMXoaswNbOaTOH--nBjJZQpWD-BHwjejC179ndIlkJsMX6C-LgIiwX8VVB1se99ddSfOlQSzTLUzti4HgxM~vCX23G9uhsY5YMite9aVu2zstOACVQWjGhsyIExCa5Z2VGwwfRfdkteZ0JEC5E-q93oDlQSBdCySsSgiWX~roLbwQjVZLQAnVNc6y6MpjzAf4fPVbMO3ADwMVnQIH8wkrPypArUArq6UmbGvG0renx4t22EbjajZry~6Bfyd-jR1u8no64J2Tb33qYReYavktcfI68V5M8wG0psyPaOjy-gzDNs6n8czs9z~o4JT-EaFBZ~74vjwGuuGVq4A__&Key-Pair-Id=K3C0L9WB6U5DUC,cc-by-4.0,LICENSE_OK,The woman's name is Brady.,1.360,24000,1,16,9e05c922a58dfc40f55d673a2a3818e5ef9f68deb2cf2e9ab639e38d8d89b436,5,5,4,1,4,5,5,3,2,3,3,3,3,REJECT_AUTO,RPG/character scores are metadata heuristics; Human Listening is authoritative. | distinctness_check=HUMAN_REQUIRED | DURATION_OUT_OF_RANGE
AUDITION_draganrpgsearch_candidate_13_19c981cf,DraganRPGSearch,candidate_13_19c981cf,mythicinfinity/libritts_r,mythicinfinity/libritts_r,2428,/root/.cache/huggingface/datasets/downloads/extracted/5551a515e85b9e463062524539c2e1cb52ba32affe128dffd866db0205248bdd/LibriTTS_R/dev-clean/2428/83705/2428_83705_000034_000001.wav,https://datasets-server.huggingface.co/cached-assets/mythicinfinity/libritts_r/--/0d1718db351207d5a493135a62d5ed8cc4733830/--/clean/dev.clean/2801/audio/audio.wav?Expires=1790047339&Signature=GIGN4KbBPWIbNk9f5v0cJULU-Y~emJGKCK5frxPFYp9ZmBBEtNDMA3T8sMVvzEdx5NZWiue4xtF7cmT3RiqJIyiLFdKd~XSeWOIEUHEmLutBDidtDqM6FGUuyKg5oa-TXRPu8du3W~EoqUAr1DWCtdok4JLnOfGQq86vt2eRc3h02TmPKyL59pcFeIsMhzOl4bo5k8x5HLl48qLhoIz~6v475VbXRWWLH5WWxcTT8LwKeWAvmpzS5R8JSNyQbZ2DZ7Np6T8WwctGmxnESi7OuqLVL2gfZWJVCFptoRcypsvGnr3MRJgquAeaWmxQGoxGOtkQjJJ1HQUEViKYfgH4ZQ__&Key-Pair-Id=K3C0L9WB6U5DUC,cc-by-4.0,LICENSE_OK,"I have given Mary Ann two or three trifles, and I said so.",3.960,24000,1,16,d8203279b2ae3d7e33b7c11b7c0286eef4778ab7dbcfc8ffec434b1ae0c39444,5,5,4,1,4,5,5,3,2,3,3,3,3,REJECT_AUTO,RPG/character scores are metadata heuristics; Human Listening is authoritative. | distinctness_check=HUMAN_REQUIRED | DURATION_OUT_OF_RANGE
AUDITION_draganrpgsearch_candidate_14_cb77bbfa,DraganRPGSearch,candidate_14_cb77bbfa,mythicinfinity/libritts_r,mythicinfinity/libritts_r,2428,/root/.cache/huggingface/datasets/downloads/extracted/5551a515e85b9e463062524539c2e1cb52ba32affe128dffd866db0205248bdd/LibriTTS_R/dev-clean/2428/83705/2428_83705_000039_000001.wav,https://datasets-server.huggingface.co/cached-assets/mythicinfinity/libritts_r/--/0d1718db351207d5a493135a62d5ed8cc4733830/--/clean/dev.clean/2802/audio/audio.wav?Expires=1790047339&Signature=cTcXKQ-xnGR8lWEE5wHVsdjom1FIDczLWsVZO793FvvHLOD0rn5ZQvdSKh232zrjXtBPV7StqRdtj12tEpnjd~0YU6bjEg1lyApHo0mYteaM8hoepsfHq5Q4p3~m0VsMvayuEoWcVs3NwGw5bKuDHcHprestlBZp23nX-MKgC8ya9h9-MVleUUUYbEm5whQ-R8~b0ndRcIixy195AVIU0~OmUjWtp1YG10gTEdhcPbG5CAgYJL2T40rX6lvx0UkAtD0vVCBHTmlOX5W6lP5OEGe7ylkHM1PvsSDlYTN-yDnJX2wsP0peKvmwuV45cHoK2MC~dSuCNLR7HzZFXkGrew__&Key-Pair-Id=K3C0L9WB6U5DUC,cc-by-4.0,LICENSE_OK,It is to take place on Tuesday fortnight.,2.280,24000,1,16,1fab7e306fdd19ca66175e7247eb3d51e782b498ba31d383d0bad794247a1045,5,5,4,1,4,5,5,3,2,3,3,3,3,REJECT_AUTO,RPG/character scores are metadata heuristics; Human Listening is authoritative. | distinctness_check=HUMAN_REQUIRED | DURATION_OUT_OF_RANGE
AUDITION_draganrpgsearch_candidate_15_52e552d6,DraganRPGSearch,candidate_15_52e552d6,mythicinfinity/libritts_r,mythicinfinity/libritts_r,2428,/root/.cache/huggingface/datasets/downloads/extracted/5551a515e85b9e463062524539c2e1cb52ba32affe128dffd866db0205248bdd/LibriTTS_R/dev-clean/2428/83705/2428_83705_000007_000005.wav,https://datasets-server.huggingface.co/cached-assets/mythicinfinity/libritts_r/--/0d1718db351207d5a493135a62d5ed8cc4733830/--/clean/dev.clean/2803/audio/audio.wav?Expires=1790047339&Signature=gS4hN~7Airy-hXtz65BOIIv-hPrNtNNwW8ki-7t6Km-90OGfuWigS5hDk1ou-19oDfHGI~mb7~7J084I0RQl4F9baEuA1BimPe2XQ1ndz0~1rj4QMlYH6V1OaEt6B~A6uxfnPPoozF2FfdtKddicD2dOItE7lt3FrRqURl2HgW-02jAvjKgQd18UtKvVCIIY-Xq7sf7orlAbVj6zXeECL4kTI6~RQZLll-qJRChhYeU1AurSbz79RSNZHnx5~LkC1iA-j8riBUuv3d2axAFV~Te5~VcW5ywyVSRMe5oXSijEwZRyNULH4Zgibx4D~f-Xe7qVTxvgvClCSCtbMd~NSQ__&Key-Pair-Id=K3C0L9WB6U5DUC,cc-by-4.0,LICENSE_OK,I was not pressed for time.,1.440,24000,1,16,ea9d679d04245a212d36d9433208c8aa6e14ab5b26ec6d3edcf8a575f9cb079a,5,5,4,1,4,5,5,3,2,3,3,3,3,REJECT_AUTO,RPG/character scores are metadata heuristics; Human Listening is authoritative. | distinctness_check=HUMAN_REQUIRED | DURATION_OUT_OF_RANGE
AUDITION_draganrpgsearch_candidate_16_cecc3aba,DraganRPGSearch,candidate_16_cecc3aba,mythicinfinity/libritts_r,mythicinfinity/libritts_r,2428,/root/.cache/huggingface/datasets/downloads/extracted/5551a515e85b9e463062524539c2e1cb52ba32affe128dffd866db0205248bdd/LibriTTS_R/dev-clean/2428/83705/2428_83705_000007_000000.wav,https://datasets-server.huggingface.co/cached-assets/mythicinfinity/libritts_r/--/0d1718db351207d5a493135a62d5ed8cc4733830/--/clean/dev.clean/2804/audio/audio.wav?Expires=1790047339&Signature=VeyXUXYhzgJnwDPmEAr42kd6IbPHMaUbwKG9-J0lBYYGeGwB~-xnA7Xt0tXvZyUxjxfe0-Kq9x2~Kc4FxX7VpjzVxW503vLoXHJtKkalMO7MYoTjnjkGhZJx9bNkz5pTZeavqc6zvKSsQl5Jj03-G4m4akf-kemjbWcPpwBVMlr1k1e11IaVmjs5I~qJupYKK~Dah4XKg4cgKyqt1rccIpgXBppxBjiBQyGOolcB01LuMBw5NUcdWmyTdlfTI3Uhftyoi0SU2GkZla7V8YtraYosnw108MhE6et4US-qq-bbWeIij67UvI~jcv~xxYl5FAk3vAcxuPXdogujTuKu3Q__&Key-Pair-Id=K3C0L9WB6U5DUC,cc-by-4.0,LICENSE_OK,The accident in question occurred upon the Sunday evening.,2.920,24000,1,16,eb3dc7ca1f49e9c6a640b2e6f80af3bd6862d27682f5183498c4177e5b4a734e,5,5,4,1,4,5,5,3,2,3,3,3,3,REJECT_AUTO,RPG/character scores are metadata heuristics; Human Listening is authoritative. | distinctness_check=HUMAN_REQUIRED | DURATION_OUT_OF_RANGE
AUDITION_draganrpgsearch_candidate_17_c6b8c0e5,DraganRPGSearch,candidate_17_c6b8c0e5,mythicinfinity/libritts_r,mythicinfinity/libritts_r,2428,/root/.cache/huggingface/datasets/downloads/extracted/5551a515e85b9e463062524539c2e1cb52ba32affe128dffd866db0205248bdd/LibriTTS_R/dev-clean/2428/83705/2428_83705_000030_000004.wav,https://datasets-server.huggingface.co/cached-assets/mythicinfinity/libritts_r/--/0d1718db351207d5a493135a62d5ed8cc4733830/--/clean/dev.clean/2805/audio/audio.wav?Expires=1790047339&Signature=ndshzDivQXWe7KHGF8Q7miBR8o7TZxVSL4QsQ4FjhB43ngXUDRb5FPxmXPItJ-0SVlQY1U6WbPGHgWdpIRjZsB14NvpEVbfBzPdREQaAkBT-afwzuBP099BOFu69aO9anDEwDrffXc97T6r7AC7ZpUMd479GkSADWUGK28sjc16f4xkWSVWgYg70n8obEOPke0vD-nJBJ~-9fSsIcYQ1Ew2PsXWLPVkTLpCgSlcaQ0QSVl4JlLV7oHWbtuZzl7l9OuadjfdN9-PDD2IVigeqB95WQr6AXtzeX2jUvyyuNjuBYdl86Ml1D7jq1a9AgHYrpnDVVdJLseUSPbGVshJD4w__&Key-Pair-Id=K3C0L9WB6U5DUC,cc-by-4.0,LICENSE_OK,"I have no intention of being presented with an endless collection of duplicates, or a lot of useless rubbish which I don't know what to do with.",8.000,24000,1,16,87f76742a749b29cafaa88768e5493b7914bc5c6e6ec1e9a798814224dbebd83,5,5,4,5,4,5,5,3,2,3,3,3,3,PENDING_HUMAN_REVIEW,RPG/character scores are metadata heuristics; Human Listening is authoritative. | distinctness_check=HUMAN_REQUIRED
AUDITION_draganrpgsearch_candidate_18_92493ef8,DraganRPGSearch,candidate_18_92493ef8,mythicinfinity/libritts_r,mythicinfinity/libritts_r,2428,/root/.cache/huggingface/datasets/downloads/extracted/5551a515e85b9e463062524539c2e1cb52ba32affe128dffd866db0205248bdd/LibriTTS_R/dev-clean/2428/83705/2428_83705_000005_000001.wav,https://datasets-server.huggingface.co/cached-assets/mythicinfinity/libritts_r/--/0d1718db351207d5a493135a62d5ed8cc4733830/--/clean/dev.clean/2806/audio/audio.wav?Expires=1790047339&Signature=CS64nn6K~EKxS01HLu5M-o67UoeDpJfPdZ3yNl9XVCw0v-DDel~Iz-3g2LHKW5Euiska0exrnHFvhYMU7Q1KNoPxMwEgnAD4Ce1XRDmC0lip~oEl93MgenNu39EfCUTiia9-MNBbywop3N3J6gixpDUjQMjuNYmoHEB6-~8xGkYkBASlA-Zf1jUSwtbDYR8Ohz-e7KV-WAqrB58Rm1P8HRxGsIOCTszHeo-gFqUvM8oubEu2l~LG5zZG2H~jN8v-m70b-Ef9cVji6frAYbISVp9MAyrJT4LRtanbNMZUoJiK8P68sw0pzLI9zXP4LQiicAa08xqGczDIkERRfVkA5w__&Key-Pair-Id=K3C0L9WB6U5DUC,cc-by-4.0,LICENSE_OK,"All, apparently, that is left for me to do, is to pay for everything.",4.400,24000,1,16,d8791c964f60f854dfbf8d48bce0e1e1d9ff933acc8998d2031418d27bc19570,5,5,4,1,4,5,5,3,2,3,3,3,3,REJECT_AUTO,RPG/character scores are metadata heuristics; Human Listening is authoritative. | distinctness_check=HUMAN_REQUIRED | DURATION_OUT_OF_RANGE
AUDITION_draganrpgsearch_candidate_19_2ee2694e,DraganRPGSearch,candidate_19_2ee2694e,mythicinfinity/libritts_r,mythicinfinity/libritts_r,2428,/root/.cache/huggingface/datasets/downloads/extracted/5551a515e85b9e463062524539c2e1cb52ba32affe128dffd866db0205248bdd/LibriTTS_R/dev-clean/2428/83705/2428_83705_000007_000003.wav,https://datasets-server.huggingface.co/cached-assets/mythicinfinity/libritts_r/--/0d1718db351207d5a493135a62d5ed8cc4733830/--/clean/dev.clean/2807/audio/audio.wav?Expires=1790047339&Signature=gKWn2QzHUgO0I3cfXjQ~7lDJclsEttDBV-EhnV6z~mPt6KJIshUcpwkJv0ErBJ1OqSUNdv0Tv-mcfyKFFmOUrJPNVQ3MDCvuwrjNI6ikhxB0ghdUkeYOL2JTcrvbOr3xR1Ul3CDzAd-Y6t7ZCrig8cw6ksXrZxspWYHO8FiolzYRWh4Ru4syTv9F5NVtENAOv-GrCEKL51W7VG56GmML1yXAbv5I09zETqM6bGo7v6hduhYAEOhNDsKcYvi6d8LV4sQ6k8cZ8M0jaHoRwNrd6hfvc55vYHpkebPfxCeqRhgghjfHoPJct4Jt5Sk6wALwCo4GzIMW6pNXQGgP20xmFA__&Key-Pair-Id=K3C0L9WB6U5DUC,cc-by-4.0,LICENSE_OK,Certainly not.,0.880,24000,1,16,5f338327d2c1bb89b9bc39f666ea880bc2f29ec476646963ace7f59f05fc80a6,5,5,4,1,4,5,5,3,2,3,3,3,3,REJECT_AUTO,RPG/character scores are metadata heuristics; Human Listening is authoritative. | distinctness_check=HUMAN_REQUIRED | DURATION_OUT_OF_RANGE
AUDITION_draganrpgsearch_candidate_20_a56430b7,DraganRPGSearch,candidate_20_a56430b7,mythicinfinity/libritts_r,mythicinfinity/libritts_r,2428,/root/.cache/huggingface/datasets/downloads/extracted/5551a515e85b9e463062524539c2e1cb52ba32affe128dffd866db0205248bdd/LibriTTS_R/dev-clean/2428/83705/2428_83705_000030_000003.wav,https://datasets-server.huggingface.co/cached-assets/mythicinfinity/libritts_r/--/0d1718db351207d5a493135a62d5ed8cc4733830/--/clean/dev.clean/2808/audio/audio.wav?Expires=1790047339&Signature=okyr~VfIfOyNIn5f3AcX71RbXy1regbNPxHCNgm8udEjIoV28e~MMmCJJPAtVw30utZfLXvLYDX6CDjNzfuDzFiepGY~0KdbBKW7EyFxZthRsQg0-Thf9t6sW~nKXS7aox-4iFhRVsc-6fevNit1CkgUvkIZxzf2YTh0~h1O0lY4jrcVH4xJvVamOylqLdW7QXC8Cq4c6wRbOYZQVwjJMCT~1vPMfrxGrRF0fiEKDZ5qYR4b-ePWQdGWsalRJDbusoJCp2mgOLZpscAvSdAwnKiCEcftoG-y-uax71IHTigXYh5aIW0vimMwGEk0cFFywn8EFWOmK4TasfFF-v8GGQ__&Key-Pair-Id=K3C0L9WB6U5DUC,cc-by-4.0,LICENSE_OK,"Of course there are some people with whom you can't be perfectly plain, but I shall be as plain as I can; there's a way and a manner of doing that kind of thing.",9.760,24000,1,16,1f3f3bf31c7cd8544fa1d75815023a79e936611fb083cf3168292f9261fcfbc4,5,5,4,5,4,5,5,3,2,3,3,3,3,PENDING_HUMAN_REVIEW,RPG/character scores are metadata heuristics; Human Listening is authoritative. | distinctness_check=HUMAN_REQUIRED
AUDITION_draganrpgsearch_candidate_21_4ba29b7e,DraganRPGSearch,candidate_21_4ba29b7e,mythicinfinity/libritts_r,mythicinfinity/libritts_r,2428,/root/.cache/huggingface/datasets/downloads/extracted/5551a515e85b9e463062524539c2e1cb52ba32affe128dffd866db0205248bdd/LibriTTS_R/dev-clean/2428/83705/2428_83705_000027_000000.wav,https://datasets-server.huggingface.co/cached-assets/mythicinfinity/libritts_r/--/0d1718db351207d5a493135a62d5ed8cc4733830/--/clean/dev.clean/2809/audio/audio.wav?Expires=1790047339&Signature=mUB9hmVhZ1viXdNtlqqV6ya5mPmtfKOVZiIBHEMr499XuF2JJhBD0TqajUmbl5ZXKn-h2CKmz93nnbVeP6mMfRAo3HR4QoSgIUdLYDgUSS6KYcKyuYWn7Q~1HKT7zVEr3fcLheErGn-AyJ1nbzpTnSF15suQiFbYPcSGAwN7fVU6PLdD10nFIp2EzqXn-T73f44KbLjXxa-ImsyKMa7nD-W9miPWyrex9pkdIknoykPPZ8NQknWDhe24DS-HLjacLWZ9AAiM65WamarnU0iQIUzVzLS-rw2-zYV-isFT6t-Z9iiz46FcHeo5LOWZEHvt2rMk8Fu8tQXW0V9jF25rXQ__&Key-Pair-Id=K3C0L9WB6U5DUC,cc-by-4.0,LICENSE_OK,It turned out that she had a little money of her own; about a hundred and thirty pounds a year.,5.120,24000,1,16,81794a3f09793947aa62235802993eb82b6468a566a265648feaa16db79a25f0,5,5,4,4,4,5,5,3,2,3,3,3,3,PENDING_HUMAN_REVIEW,RPG/character scores are metadata heuristics; Human Listening is authoritative. | distinctness_check=HUMAN_REQUIRED
AUDITION_draganrpgsearch_candidate_22_1fd9053b,DraganRPGSearch,candidate_22_1fd9053b,mythicinfinity/libritts_r,mythicinfinity/libritts_r,2428,/root/.cache/huggingface/datasets/downloads/extracted/5551a515e85b9e463062524539c2e1cb52ba32affe128dffd866db0205248bdd/LibriTTS_R/dev-clean/2428/83705/2428_83705_000037_000001.wav,https://datasets-server.huggingface.co/cached-assets/mythicinfinity/libritts_r/--/0d1718db351207d5a493135a62d5ed8cc4733830/--/clean/dev.clean/2810/audio/audio.wav?Expires=1790047339&Signature=Yr9R~c5EAARiP9wuB8iQmUw9US0Q72R5nBECQLukY4kbXZEh987Y~FC3ABzcqRF5RNXwAUcA-V2xUrk6-oVNQksT7pOuyKdoMKGIlIxYBFWeBrsmSuZWxuLG0SVR3anV7I6vYT1MDgc088gyNhJWPWRJCNolF6LTm4c4Fva1yfKeEk2BPuDj6iKlK7SJ~2FVCHaGzLTSBcrnZqamTYQ3ff35Rb3MYiJa9S~g~03S9AoCt1Uk8X5DKFQxMOCXWkSw-rJp5mUX23fFF9OgYRWWDTkhxzJoYJhHcM5JRmQaPP~ziCN~nFlUT4HjMsWk5ksXYxP2vvIrQfJzYddZ~lxJ~w__&Key-Pair-Id=K3C0L9WB6U5DUC,cc-by-4.0,LICENSE_OK,"It is true that they are a trifle large for me, and that I shall never be able to keep them on my feet except when I am sitting still.",6.280,24000,1,16,620b3d5ebfd1d6bbb0ddc1d8a3cf85e1d588ce9c6ed549fd226653c77ba11d87,5,5,4,4,4,5,5,3,2,3,3,3,3,PENDING_HUMAN_REVIEW,RPG/character scores are metadata heuristics; Human Listening is authoritative. | distinctness_check=HUMAN_REQUIRED
AUDITION_draganrpgsearch_candidate_23_4d0922d9,DraganRPGSearch,candidate_23_4d0922d9,mythicinfinity/libritts_r,mythicinfinity/libritts_r,2428,/root/.cache/huggingface/datasets/downloads/extracted/5551a515e85b9e463062524539c2e1cb52ba32affe128dffd866db0205248bdd/LibriTTS_R/dev-clean/2428/83705/2428_83705_000000_000000.wav,https://datasets-server.huggingface.co/cached-assets/mythicinfinity/libritts_r/--/0d1718db351207d5a493135a62d5ed8cc4733830/--/clean/dev.clean/2811/audio/audio.wav?Expires=1790047339&Signature=co0aFs2tUSz-kucSlwXDL50cyofjSsvWXfzZtycHE72Ix7G3TDWZ69uPZixfcOYe91Ze48PYYG9ke4KeqcaH1XU2wjQNqvQzRPnVQjIEZfJaZvc2UYRurQrv-2DkpBvcISwSSCYivd1OyI6iX6GMChUP7n9amfUHyBOZIXlpU1Ieb2YbtPg8TvHfxZ08NFs1KViLXU6L4Ym2jGZwrvF~2G3chlIN44XTAqP98dBCDbHAfAJJ6UykcpFK8UkIylcgvkVLwzv5td~0HhFgQPWjcAr4t7ppstb5lNW4XUkSH3eGZd8HW~jDGArym88lLo4pYPkjaj8~LEBGYcMdGrmHmg__&Key-Pair-Id=K3C0L9WB6U5DUC,cc-by-4.0,LICENSE_OK,MR.,0.280,24000,1,16,f0b631598c177befac8af7e646a1d042a69ca40768b2a7fe7063bfbc119d0163,5,5,4,1,4,5,5,3,2,3,3,3,3,REJECT_AUTO,RPG/character scores are metadata heuristics; Human Listening is authoritative. | distinctness_check=HUMAN_REQUIRED | DURATION_OUT_OF_RANGE
AUDITION_draganrpgsearch_candidate_24_fed70f25,DraganRPGSearch,candidate_24_fed70f25,mythicinfinity/libritts_r,mythicinfinity/libritts_r,2428,/root/.cache/huggingface/datasets/downloads/extracted/5551a515e85b9e463062524539c2e1cb52ba32affe128dffd866db0205248bdd/LibriTTS_R/dev-clean/2428/83705/2428_83705_000010_000001.wav,https://datasets-server.huggingface.co/cached-assets/mythicinfinity/libritts_r/--/0d1718db351207d5a493135a62d5ed8cc4733830/--/clean/dev.clean/2812/audio/audio.wav?Expires=1790047339&Signature=tXSstQs86t7pry67CYyKBp29KeYYf5bvt7jlzFiYAbiwQylKFkW8YcOj-YdfySXhpS9uJj3fM5j8uVYHijKy~q1BJftmiNuLtZ1O287KvXl1SwIDn4XVoVcfkQ6-~sm8gKjoKCjJDkp9h7uHsBHPU0NgCWAeHzf3upGbuuL1SQTzErd8d2bHWplk2bX0FehxKJZ60oT78ivXH26ivWRXhne4krNdbVtajMTtzlNqJK6doA800PttxNtBQk1H1GRGnTTWDNhRqetXbVFAXBBw9kys0HXn7K24IdOKojtWPfHnSAFKXAjwel28~gUbqejrB9TWE7P~wxLaMXXxMnbYzg__&Key-Pair-Id=K3C0L9WB6U5DUC,cc-by-4.0,LICENSE_OK,"The girl is fretting, but you don't seem to notice it.",2.880,24000,1,16,f2bd8c616014afae89a0d2990aa8f2b60f38cca13958564fe8bd51e9eb762414,5,5,4,1,4,5,5,3,2,3,3,3,3,REJECT_AUTO,RPG/character scores are metadata heuristics; Human Listening is authoritative. | distinctness_check=HUMAN_REQUIRED | DURATION_OUT_OF_RANGE
AUDITION_draganrpgsearch_candidate_25_657d17a3,DraganRPGSearch,candidate_25_657d17a3,mythicinfinity/libritts_r,mythicinfinity/libritts_r,2428,/root/.cache/huggingface/datasets/downloads/extracted/5551a515e85b9e463062524539c2e1cb52ba32affe128dffd866db0205248bdd/LibriTTS_R/dev-clean/2428/83705/2428_83705_000008_000000.wav,https://datasets-server.huggingface.co/cached-assets/mythicinfinity/libritts_r/--/0d1718db351207d5a493135a62d5ed8cc4733830/--/clean/dev.clean/2813/audio/audio.wav?Expires=1790047339&Signature=IGQNgFOa9WF~0d-gZ2LWDVfXe~LEbOXvxrsdaNvfvWhBWPPJQMtFI8URXLQ6P53uihMluApcinMl5caNUuLSmNWJdk8DgQz3C6NGc5ykKBJqQbEfjd3U9NO6CjdlEkylS9qJI1L0vOmGCCO0YDv4bYK3ipj~BuNkrzIiousOgLlmU9L9pHbE7rByla2HYxH-UXc-lWQdDbNMFWRQL0kiv7mDK~54f6FAxQx6FCNgTtccGZzT89hkhx4RBpoCKEIQjv3FXQAncFAzSxKcPC7bS8vPvea6aiytSBM-zcKJzWSP1syC5NgtEOY0TQSKjj8J6T62qcrmmSS8xDCA5Nh5iw__&Key-Pair-Id=K3C0L9WB6U5DUC,cc-by-4.0,LICENSE_OK,"Besides, I was turning things over in my mind.",3.360,24000,1,16,3814a7911af9c0d56a09b37bd29ea1c1083175f108c494d0ece7d38bd6851fed,5,5,4,1,4,5,5,3,2,3,3,3,3,REJECT_AUTO,RPG/character scores are metadata heuristics; Human Listening is authoritative. | distinctness_check=HUMAN_REQUIRED | DURATION_OUT_OF_RANGE
AUDITION_draganrpg_candidate_01_bde75d61,DraganRPG,candidate_01_bde75d61,shangeth/expresso,shangeth/expresso,1,ex01-ex02_default_007__ch1_0.91-5.94,https://datasets-server.huggingface.co/cached-assets/shangeth/expresso/--/4e771845a19bf9a97f585fa07fef791ccfd535f7/--/conversational/dev/0/audio/audio.wav?Expires=1790047877&Signature=s2uGXstrTJFH0J9so-IXmSPPco4TfUfd9pVzvOckyA71X-KgvBrjNW-N9s7wUqaXbr8-IYv2uuQMOtXHE8zFU3EGoVG-eHrMQT5gtcDysaap9rNHEqyOMjXULKAFm1wmBtOwgit87WHGSj9BS5jxVH7e-hfYB0x8rnW64-vv65shTnyY0Ihtrqa9EhRWfCGZAcbiu0j78k6IqRybl7tpE73ykq3RlrddJsa2fFVgcXRTMUQf8cp8IQCsBRUT1pIC9HBNTDezSwxoUaf8H4ulX2gvtrKZ2ODVgfYSa~6yn6IbOEoXMEfxMJGdC7Cbwjjq7eywyWB5jdqN2~itTo1FXQ__&Key-Pair-Id=K3C0L9WB6U5DUC,cc-by-nc-4.0,LICENSE_OK,"Yes, good to see you too. It's been a little bit, huh? Feels good to be back, I can tell you that.",5.030,48000,1,16,b497e4d6268354ff4c7a725ded8edce93081d84e4e4438ece46594c01d6bfcc6,5,5,4,4,4,5,5,3,2,3,3,3,3,PENDING_HUMAN_REVIEW,RPG/character scores are metadata heuristics; Human Listening is authoritative. | distinctness_check=HUMAN_REQUIRED
AUDITION_draganrpg_candidate_02_fbddddbb,DraganRPG,candidate_02_fbddddbb,shangeth/expresso,shangeth/expresso,1,ex01-ex02_default_007__ch1_8.63-11.69,https://datasets-server.huggingface.co/cached-assets/shangeth/expresso/--/4e771845a19bf9a97f585fa07fef791ccfd535f7/--/conversational/dev/1/audio/audio.wav?Expires=1790047877&Signature=ecIvCqIocsuss0rGyP-mg9MvprkG2-AfSZ823g86RRb3iEWyfTbdEGgFFP2EtuY8FzmS9RpkuivahuMD7phybHgy2DEiSYuvjO89EWsFHAbBWWpD1sVbi8vgglb0jl1L9tIvURt-TUqVOATFhXEEsJ389QGGWA-AxWjg~6sVY8fxmVTU28qPbyVwxT1q17h9ZLYPucoPFmkMJACgtohAjPrpnHMVR4-vV4MFuzDZ5o2jlgr6SkMJMuHcbIMkhon6stewS7z8txEg7HwHH-yxA57okN4IPwCZ8v6bPHinGUR3Z83Y2M6XWcoYzkUv0Yx1ivOG1D8mCUCqIUH~5w2Q7g__&Key-Pair-Id=K3C0L9WB6U5DUC,cc-by-nc-4.0,LICENSE_OK,Uh-huh. Do you notice anything different?,3.060,48000,1,16,68b4ff644e7a69243503e102a7d5ea5ce03cdffa72a21dddcb5f7836e3ac4294,5,5,4,1,4,5,5,3,2,3,3,3,3,REJECT_AUTO,RPG/character scores are metadata heuristics; Human Listening is authoritative. | distinctness_check=HUMAN_REQUIRED | DURATION_OUT_OF_RANGE
AUDITION_draganrpg_candidate_03_6012c6f1,DraganRPG,candidate_03_6012c6f1,shangeth/expresso,shangeth/expresso,1,ex01-ex02_default_007__ch1_18.28-35.10,https://datasets-server.huggingface.co/cached-assets/shangeth/expresso/--/4e771845a19bf9a97f585fa07fef791ccfd535f7/--/conversational/dev/2/audio/audio.wav?Expires=1790047877&Signature=txened0SXedGGpxwJRh25bnyE1ij6anjKpRg2zojGdwdMJaZtAZ-jrgE2LOj4EWGhRQUJ~2d4eiK-pEE0RU-Tpu~6YE9mWp3LduVCbmN073jBgDLENImdbA13ouKaaUk86eAVeK1YAgRWdq8rrHIU5LRXr9ExVTJJFhPsgKMxDtOiNNoV5BONyRPxWmyRUIFOyqlf6xUL1nSkT~jHnWG4B7Sg4J-5JYunbG37F3HaiMxcr7I4s09fjb-lQdbtdvldERdUjHHVb5rgWQKwjUQ1KoxafbqoNTP0aYoj8~iliQEpNgA3IQzbsQbfeCiPprdMU5SevckntMxKEf~PiR91g__&Key-Pair-Id=K3C0L9WB6U5DUC,cc-by-nc-4.0,LICENSE_OK,"Okay, okay, so I went... Are you an outdoorsy person, Mikey? You love the outdoors. Okay, okay. So I drove just a couple hours north. There's this wonderful, wonderful national park called Yosemite. You ever been?",16.820,48000,1,16,cf2cd961ffbb7c7927df9fbb38ed208b91f9e475b6730c29ea238c929e5027c7,5,5,4,4,4,5,5,3,2,3,3,3,3,PENDING_HUMAN_REVIEW,RPG/character scores are metadata heuristics; Human Listening is authoritative. | distinctness_check=HUMAN_REQUIRED
AUDITION_draganrpg_candidate_04_bd08acb8,DraganRPG,candidate_04_bd08acb8,shangeth/expresso,shangeth/expresso,1,ex01-ex02_default_007__ch1_37.63-60.00,https://datasets-server.huggingface.co/cached-assets/shangeth/expresso/--/4e771845a19bf9a97f585fa07fef791ccfd535f7/--/conversational/dev/3/audio/audio.wav?Expires=1790047877&Signature=FfigBjyoUA12OUGrVj0EhTXQ0O-vbOFfHPTlnE7lRYvHPwb7rt5YSaQipj2uZvUHeuD23B4piLgWeAlzJV3t3bOTTurbvy61tiEmUMlYTfu91mqqFlzsGPUPI24KwptRqkOfoHpCnKUNkULRLpMmUiBaMOc8PanTeN2SnMcZlILilX5w0CHMFuxqdWKbDexC1pi0V3k46HPZEvcYY0FrSh1sfuOSBjb4kmP-lG6HxpTqmrhYEf5Ir9Rq0uDMEZZkF7HsyyWuhI1q9tuY~Cfi06cEQppbV9SkDyFSeEFreXS7ZZCHSsXZ-lpT6Rzf42x7~MeQPgGhP23zixofxDNVFA__&Key-Pair-Id=K3C0L9WB6U5DUC,cc-by-nc-4.0,LICENSE_OK,it's gorgeous especially this time of year it's like you know you know it's like late february early march so you're kind of avoiding all of i guess the tourists and all of that stuff so it's just you and the park and the silence and uh the fresh crisp air because you know you're getting out of winter right there's still there's still fresh,22.370,48000,1,16,33a0f92b601485e18ddadfd00b3eba81d2dc5a7cd557b5c6510fd4e2df013e59,5,5,4,1,4,5,5,3,2,3,3,3,3,REJECT_AUTO,RPG/character scores are metadata heuristics; Human Listening is authoritative. | distinctness_check=HUMAN_REQUIRED | DURATION_OUT_OF_RANGE
AUDITION_draganrpg_candidate_05_77d4a29e,DraganRPG,candidate_05_77d4a29e,shangeth/expresso,shangeth/expresso,2,ex01-ex02_default_007__ch2_5.52-9.26,https://datasets-server.huggingface.co/cached-assets/shangeth/expresso/--/4e771845a19bf9a97f585fa07fef791ccfd535f7/--/conversational/dev/4/audio/audio.wav?Expires=1790047877&Signature=uQRRNDh-wKyLfoZHHbdwSVQPF4PozUmPgKx1PQbQysj5tp26sm9y~81~BqcV2q8Ej0YOdZcRWlMrKM70iZFa8byB83sqppln2X6D~43dOYjeE0ESnvjtDM1m30ym7n5Ja4k512re7WkfJZj6AUHCJ3MvmGOcM4PrMq2IO4PZKDZXce4erPz7i8B5suil86v5R0RUpxPcpeOsgdskNOj0WO6PZwr1BRWQAZ4JSF2RdGonLMD1Gf5nJmBh1hT-k9jszblMagvkj6h~2g55mpz~KXgHV~rvtOe0n4zJthLAd-vcEGkmhokRzhNQLJRP1SiUzD~N33gDZRs15bDB0hYIwg__&Key-Pair-Id=K3C0L9WB6U5DUC,cc-by-nc-4.0,LICENSE_OK,I'm so happy that you're back from your vacation.,3.740,48000,1,16,ffedc1743694397d08055b5b7f706330d5966e761f0a0bafa813d0f7218d6d98,5,5,4,1,4,5,5,3,2,3,3,3,3,REJECT_AUTO,RPG/character scores are metadata heuristics; Human Listening is authoritative. | distinctness_check=HUMAN_REQUIRED | DURATION_OUT_OF_RANGE
AUDITION_draganrpg_candidate_06_a7cbfc66,DraganRPG,candidate_06_a7cbfc66,shangeth/expresso,shangeth/expresso,2,ex01-ex02_default_007__ch2_11.06-17.82,https://datasets-server.huggingface.co/cached-assets/shangeth/expresso/--/4e771845a19bf9a97f585fa07fef791ccfd535f7/--/conversational/dev/5/audio/audio.wav?Expires=1790047877&Signature=YxOUGsDSCLkQ05sRJL0SbGp7U6evtcp3LuSHeIg17fbNWqJJ4OSvcHKYTBTmAmE7CP0mbLtfpnw~lNPIbD02lrqdb~vxNf2r~MbhbmznR902xyg-f96rUwULznMGVvqpeuyHMdN35T8i8Z25HDCP-~8t0AfuSTnNmCYyNm6fvykpCI-z7DSom4eVXm8ku9co9aVxIzQ69dTTzaFuL6Zn4OWiOV2MsZHMTwl9q6Z3zuhZHgkrTr3ir491CKwkVIV6ytWyKdWr8dGqDGnfpL6f3qEaHNPUKM-y0gO1UfWq5UvJ06P6dNuK1gvX2i0RhQ97fnKV-TVhrHBBCkaACsbUeg__&Key-Pair-Id=K3C0L9WB6U5DUC,cc-by-nc-4.0,LICENSE_OK,"Yeah, you look tanned. You have to tell me where you went because I'm so jealous. I need to go on a vacation now.",6.760,48000,1,16,bb46e78d825e36458d35117b0798c29c817797ebd2b0a5479ce838e0c378aef7,5,5,4,4,4,5,5,3,2,3,3,3,3,PENDING_HUMAN_REVIEW,RPG/character scores are metadata heuristics; Human Listening is authoritative. | distinctness_check=HUMAN_REQUIRED
AUDITION_draganrpg_candidate_07_48d7efd9,DraganRPG,candidate_07_48d7efd9,shangeth/expresso,shangeth/expresso,2,ex01-ex02_default_007__ch2_23.39-26.12,https://datasets-server.huggingface.co/cached-assets/shangeth/expresso/--/4e771845a19bf9a97f585fa07fef791ccfd535f7/--/conversational/dev/6/audio/audio.wav?Expires=1790047877&Signature=bXF3Efhzjc6TYVPcql~hmmvI28K29QXdfCR4lxt9qQJSllaBoKNRpEdEQtfrEcznBVfZIODjTA-ndbLAhhhDqXixvWuhn0WggKt3NR0I6JUugoRRR4PdAD2hFqAemfXRdTfd~6LfO53ELDXwOysbWVCDhWSkNsCTgDzhxmz0OMbQJJN7qhOfUguLrgp~a0T9t0jrWPKzzJj3NmlfjRlB54hFw1xzL~UF86--pC6cmDB2JMNNIyxDVVd5nl40HNV3ry0HIKr4Sv6pgoN7~l227ntfZHHsLheEkSRWDgQqCDRipfQLrel58LRyLCc4SEQx2QbU24UfTVxr4ldr1ZhrMg__&Key-Pair-Id=K3C0L9WB6U5DUC,cc-by-nc-4.0,LICENSE_OK,I love the outdoors.,2.730,48000,1,16,9096bf36ae414cf57835b6c2f4258df8b7efedc85cfd9f4fda52834cf2dc8a97,5,5,4,1,4,5,5,3,2,3,3,3,3,REJECT_AUTO,RPG/character scores are metadata heuristics; Human Listening is authoritative. | distinctness_check=HUMAN_REQUIRED | DURATION_OUT_OF_RANGE
AUDITION_draganrpg_candidate_08_4bb4d439,DraganRPG,candidate_08_4bb4d439,shangeth/expresso,shangeth/expresso,2,ex01-ex02_default_007__ch2_35.07-37.43,https://datasets-server.huggingface.co/cached-assets/shangeth/expresso/--/4e771845a19bf9a97f585fa07fef791ccfd535f7/--/conversational/dev/7/audio/audio.wav?Expires=1790047877&Signature=rMOi3BkLqi5KxKqGLqoVvQWZvrHL12zkoSmvwS58eY2XKk6TiBrdUrrYML4JX0L4~jWhF0KNbXhWMwdCieMMoGgbQUXbwRihE97lvx58zNUXWNbJGq8wBfcGpPqU0Ubi96nUESbCIyWDgDX9QBzgV~kONvKGsvAIEr6To7jrxEWVg3CrZWjfBWFSezMWLENN1zCqNQYm0DvWkqS7ulWOAyyli1SqTHtBj3WEpE-R2gwKLQhnKjF1zqwvyb-Fo8EdCNDj6tdKqcr1ypbNWVTX0Aq0Och1Ihofr62VPoCUqW6zCbzfhpHAGEpwUboldaqL-VW5AIob8llHmjwiTCbRUQ__&Key-Pair-Id=K3C0L9WB6U5DUC,cc-by-nc-4.0,LICENSE_OK,"No, I've never been to Yosemite.",2.360,48000,1,16,88c8d1cf912037cc1e87b825244f9a4e814bb786d2d92ad5214177d57db56a76,5,5,4,1,4,5,5,3,2,3,3,3,3,REJECT_AUTO,RPG/character scores are metadata heuristics; Human Listening is authoritative. | distinctness_check=HUMAN_REQUIRED | DURATION_OUT_OF_RANGE
AUDITION_draganrpg_candidate_09_29568952,DraganRPG,candidate_09_29568952,shangeth/expresso,shangeth/expresso,1,ex01-ex02_enunciated_001__ch1_22.33-26.41,https://datasets-server.huggingface.co/cached-assets/shangeth/expresso/--/4e771845a19bf9a97f585fa07fef791ccfd535f7/--/conversational/dev/8/audio/audio.wav?Expires=1790047877&Signature=FvDTlzs6tXJvYsFAYfTHfI6F-aIm~pSghv~Wlfsyyzbhiul0Ahwd7ufZHvWQ6QqXPnZLGpzCDqm0BRYVjlmwH22~duZUnM6GjuHvlJLjUVbQI0PohSNhpleaCC3MltNgNTub-RDyOT-iVkf0r7ZFj0A1FAEqi82wVkdC1IyVLbsBDXVVomIN~o7IvGDxI3QIezLq6MzARFqZiuRqBHQuauFJTwHFPRcnoqzqvuZU54zaiUANTbfn1f98kKh3x5Hni0Gmv-~eq66krobtMoZbzmLKAvXn23im0UTfOnCw2aLbC-S0Ak-Njh~A~-MbcyH2p4aTv388T35tVcOIZv9Exw__&Key-Pair-Id=K3C0L9WB6U5DUC,cc-by-nc-4.0,LICENSE_OK,Can you get me a towel?,4.080,48000,1,16,bff5c00106df9d7862779264a6638cb337391f6234794bebe56614b4a429c433,5,5,4,1,4,5,5,3,2,3,3,3,3,REJECT_AUTO,RPG/character scores are metadata heuristics; Human Listening is authoritative. | distinctness_check=HUMAN_REQUIRED | DURATION_OUT_OF_RANGE
AUDITION_draganrpg_candidate_10_84d7f74e,DraganRPG,candidate_10_84d7f74e,shangeth/expresso,shangeth/expresso,1,ex01-ex02_enunciated_001__ch1_28.27-33.75,https://datasets-server.huggingface.co/cached-assets/shangeth/expresso/--/4e771845a19bf9a97f585fa07fef791ccfd535f7/--/conversational/dev/9/audio/audio.wav?Expires=1790047877&Signature=YYyHbkM1GUO~vrvKtBLmsub4swArXeXEOwh5bGqMk7VUINdAp1MdmY-Uv36gsrlHZhgJ0OH-ntrVFy8OXm7QjheiflTxtgWPFLCF4eqcNtDTQPEdoyCmyvkX9DvCqfhvjTfsAoaOWkEZHgjrS-DPtoN1KC~~1i8ojQOGrF1nJX7nrpt5-ZVAGPwLVcwZHVI6aUwIXqnLsb6NG23dhPmMdOsJwG2EDCXLNG6FsbOYygUlNq~dPW9CMjDOF2wrdpF6YRyVMfMWJkdYimyeZaeEAWmpPQ5z8sE2tOiM8C1cRZQo6cG6iY78jJxaOtZ4JtetBaIZxiG1fwb8drIreF4mXA__&Key-Pair-Id=K3C0L9WB6U5DUC,cc-by-nc-4.0,LICENSE_OK,My hands are sweaty and I'm scared.,5.480,48000,1,16,194695ee0f32a1774f2cbc458ae3cfdbaf4dde5fd54aac5079e8a213916f0f29,5,5,4,4,4,5,5,3,2,3,3,3,3,PENDING_HUMAN_REVIEW,RPG/character scores are metadata heuristics; Human Listening is authoritative. | distinctness_check=HUMAN_REQUIRED
AUDITION_draganrpg_candidate_11_704841bb,DraganRPG,candidate_11_704841bb,shangeth/expresso,shangeth/expresso,1,ex01-ex02_enunciated_001__ch1_38.55-50.27,https://datasets-server.huggingface.co/cached-assets/shangeth/expresso/--/4e771845a19bf9a97f585fa07fef791ccfd535f7/--/conversational/dev/10/audio/audio.wav?Expires=1790047582&Signature=cq3YTemiao051ZN1pDmFqWKBpY9-Od1C~K5BEiIrtWtKlPQ8mtV5NU9DZRsvJ5F6YEn0hwu5ZU1CDOfbcP0SqMHw1IzFr1EHE3BASiwuVefHpD3UqkYeccVbq0yF3KGWAwhVd79hfHYSu62xx41NwPwO1NdFbGt2zS1YkrnnlUESr~4MSWajptO857b9~RbaQdLghOLADEfpphmV~Vrk2DduwssJ47PmybHK7bfNSDdLraTZR4-3HH3LwlJHhMOV49yEOCk5c7pMmc0DHrGQljnap4nWff4pgO947TkP8qw5pNearUP5XU9J07gMm2UBo6vB1l98h-FGYkgxv2Kv5g__&Key-Pair-Id=K3C0L9WB6U5DUC,cc-by-nc-4.0,LICENSE_OK,Thank you. Okay. The bomb is in its shell still. I don't see any wires. And I don't...,11.720,48000,1,16,d268b53fad5ab7388fc1ff2e55268f5b1e791e8d2caaed3cf565bc5e1fd86836,5,5,4,5,4,5,5,3,2,3,3,3,3,PENDING_HUMAN_REVIEW,RPG/character scores are metadata heuristics; Human Listening is authoritative. | distinctness_check=HUMAN_REQUIRED
AUDITION_draganrpg_candidate_12_987d8895,DraganRPG,candidate_12_987d8895,shangeth/expresso,shangeth/expresso,2,ex01-ex02_enunciated_001__ch2_0.00-21.56,https://datasets-server.huggingface.co/cached-assets/shangeth/expresso/--/4e771845a19bf9a97f585fa07fef791ccfd535f7/--/conversational/dev/11/audio/audio.wav?Expires=1790047582&Signature=XS10RhjOoaHUWB~yGHt74WZmq3SlF-fkEHQGecK7ywCgtiPUPYsytP2IAnYCfRY7fzjY3zP61V35Q~rqDW9onx8QacB4GNDPcD1aFPrlGD7NStSzShjqm749HGaz22tU0wvm4zy6aBVcWmghLWW5ZetB5mkL5ca85sTUg9~rR2klaIyA2VKs1gqBunfcZembP1GocITZ2kBoynKWsY7n2YehRfVhpvpW8np7l48ZBEm~ZGOS5PgpLc~IyaAFaKe1jmVmFsALLOA3asRQFlBnM2~cVTr27JO5YdXox2HyGv6GT5hRd89F2civEFbXB8y3OxJhdHfBBHARV0~~m5Upmw__&Key-Pair-Id=K3C0L9WB6U5DUC,cc-by-nc-4.0,LICENSE_OK,"James, we need to make sure that we stay very calm so every instruction I give you is going to be slow so that we can ensure that we do not go too fast and set the bomb off.",21.560,48000,1,16,41fb7b22193fbf3d9efe9f7364856fde3590b7a91fe0ebb00016f6d919ef55f2,5,5,4,1,4,5,5,3,2,3,3,3,3,REJECT_AUTO,RPG/character scores are metadata heuristics; Human Listening is authoritative. | distinctness_check=HUMAN_REQUIRED | DURATION_OUT_OF_RANGE
AUDITION_draganrpg_candidate_13_38e62a28,DraganRPG,candidate_13_38e62a28,shangeth/expresso,shangeth/expresso,2,ex01-ex02_enunciated_001__ch2_26.35-28.65,https://datasets-server.huggingface.co/cached-assets/shangeth/expresso/--/4e771845a19bf9a97f585fa07fef791ccfd535f7/--/conversational/dev/12/audio/audio.wav?Expires=1790047582&Signature=lP~zhF2JfH-8gZ7iXtAMwEp2R8Ot36gfpDqJhHu-dZ~luGyHFdjTFdHNgCOGyFBfgu7c-ice~BYytrgvb1c9I7zY-z8IRB1Le9DlB5dLhYjYiW~VvA1ueBTrljNwMehtATuPHTgpQ5L5F9nceTRqEnW0JukjHiQ4qltXed1ifIQ3aLOHblIpXmDGTBo-e4AsvXOWss6tDqorDOyxLfx~ZwLehIZ3t78nRqkbPT58sHjOUbbM5FDH6PRY9ERvh2RxdxcPvD8RRXcFEjHJAwaH2gwTryNIaI-gQo2M9iFDZsZuVuYY2vJpT-VJ0n6UnXCrbxI2pgbobYLccYHToO5Pcw__&Key-Pair-Id=K3C0L9WB6U5DUC,cc-by-nc-4.0,LICENSE_OK,Absolutely.,2.300,48000,1,16,b5a2573e5c021c6fd4286b96bb6fe830682639248650c8787ff9a6fa0e31a638,5,5,4,1,4,5,5,3,2,3,3,3,3,REJECT_AUTO,RPG/character scores are metadata heuristics; Human Listening is authoritative. | distinctness_check=HUMAN_REQUIRED | DURATION_OUT_OF_RANGE
AUDITION_draganrpg_candidate_14_c604bec9,DraganRPG,candidate_14_c604bec9,shangeth/expresso,shangeth/expresso,2,ex01-ex02_enunciated_001__ch2_33.67-35.72,https://datasets-server.huggingface.co/cached-assets/shangeth/expresso/--/4e771845a19bf9a97f585fa07fef791ccfd535f7/--/conversational/dev/13/audio/audio.wav?Expires=1790047582&Signature=OoW1Hhi1OWUDPNA5~peq4a2Qn2xcBTdMsIaVmkWLrR~6FJE5E8w1hRfDy-LMmocICBhq2I2uffxAHE8r2J0bXtFk0cn4l9oDubxkrkPdQQVP1W7Sz7zc8xfSiCPoTpyfSPBEzNop7ZJdIh4qcAQkEKOqOP2YMNPcmX5C7wVqUtNwsSdEPI~l6M05i75~U2igCOCbxlPzT2k0lKCkdVZOcjiywD95CLSHQOWIL5o~H5NTPFP4EBii1ommw-DYLdbhkcftZQI8BpHw5dcl93vLazlAjSn94PEnYtxhLdcHYns7VXe1YKNR8xVuzRPW-8a7IyBiUslprayoH5Q~oHzccQ__&Key-Pair-Id=K3C0L9WB6U5DUC,cc-by-nc-4.0,LICENSE_OK,I understand.,2.050,48000,1,16,1074c1d24529e13812eddbb774302fb6b04ce393113644b14ffc1d19322e451a,5,5,4,1,4,5,5,3,2,3,3,3,3,REJECT_AUTO,RPG/character scores are metadata heuristics; Human Listening is authoritative. | distinctness_check=HUMAN_REQUIRED | DURATION_OUT_OF_RANGE
AUDITION_draganrpg_candidate_15_6d5dbb5c,DraganRPG,candidate_15_6d5dbb5c,shangeth/expresso,shangeth/expresso,2,ex01-ex02_enunciated_001__ch2_36.99-38.35,https://datasets-server.huggingface.co/cached-assets/shangeth/expresso/--/4e771845a19bf9a97f585fa07fef791ccfd535f7/--/conversational/dev/14/audio/audio.wav?Expires=1790047582&Signature=SSqNwLOnf1Jfo~5SxjdRMUrPLF1XAZG0QeeBKASCd75AQzHStuHBBUTFsaCj1NFMZFYBAUw4Xuw9QoYBqx5p~yAyQAap2lpgJ9sjwUZGKiPV0esuFbkV-XzNPdU37pWz8O6j0qGRzy7kZKTd4w1ReiYqoptVzVGY5PMwBttxNxPhgC6yZFztWXQh49Ka8Y2F8eL3ygWDwwGSxoMyc5wKm2RL0erBA8TfAyjmkFAjznEFwjdMlagjdV5pOaoJEsxgc7WLJj-xPwiuFw3PdBQhCslAG4Kj5mouUzBR96DD~vhEdn87MAXZ5muiH2jZd6tynXe2v2Yk2SBq~udNyTC5vQ__&Key-Pair-Id=K3C0L9WB6U5DUC,cc-by-nc-4.0,LICENSE_OK,Towel.,1.360,48000,1,16,0a441a10b6de33032453be7245dd1496fce830fc3883362e5bb9a74041cc21e9,5,5,4,1,4,5,5,3,2,3,3,3,3,REJECT_AUTO,RPG/character scores are metadata heuristics; Human Listening is authoritative. | distinctness_check=HUMAN_REQUIRED | DURATION_OUT_OF_RANGE
